index,elapsed_s,model,series_r,series_l,series_c,shunt_range,voltage_pga,impedance_imag_ohm,impedance_real_ohm,phase_diff_deg,shunt_resistance_ohm,current_pga,current_phase_deg,impedance_mag_ohm,samples_per_period,current_amplitude_a,sample_rate_hz,captured_cycles,dds_frequency_hz,voltage_amplitude_v,voltage_phase_deg
1,0.105638,Series RL,0.569612,0.000108663209814,,0,0,40.965065,0.569612,89.203361,100.000000,0,66.858863,40.969024,16.666666,0.007763,1000000,24.000000,60000,0.318038,-23.937776
2,0.159535,Series RL,0.608276,0.000108523527478,,0,0,40.912406,0.608276,89.148200,100.000000,0,-27.672140,40.916927,16.666666,0.007763,1000000,24.000000,60000,0.317650,-118.523941
3,0.212827,Series RL,0.533992,0.000108574032647,,0,0,40.931446,0.533992,89.252563,100.000000,0,-30.930326,40.934928,16.666666,0.007762,1000000,24.000000,60000,0.317740,-121.677764
4,0.268570,Series RL,0.547432,0.000108594247977,,0,0,40.939067,0.547432,89.233894,100.000000,0,31.486097,40.942729,16.666666,0.007762,1000000,24.000000,60000,0.317811,-59.280006
5,0.322045,Series RL,0.580955,0.000108499343884,,0,0,40.903289,0.580955,89.186271,100.000000,0,172.068344,40.907413,16.666666,0.007765,1000000,24.000000,60000,0.317626,81.254615
6,0.374304,Series RL,0.571915,0.000108562525744,,0,0,40.927108,0.571915,89.199394,100.000000,0,167.019775,40.931102,16.666666,0.007765,1000000,24.000000,60000,0.317825,76.219169
7,0.426712,Series RL,0.557925,0.000108597871405,,0,0,40.940433,0.557925,89.219230,100.000000,0,122.810523,40.944236,16.666666,0.007764,1000000,24.000000,60000,0.317883,32.029762
8,0.478958,Series RL,0.580387,0.00010854997903,,0,0,40.922378,0.580387,89.187446,100.000000,0,78.368164,40.926494,16.666666,0.007763,1000000,24.000000,60000,0.317715,-12.444394
9,0.542850,Series RL,0.596447,0.000108494386208,,0,0,40.901420,0.596447,89.164535,100.000000,0,-107.426376,40.905769,16.666666,0.007763,1000000,24.000000,60000,0.317548,161.738143
10,0.605608,Series RL,0.555140,0.000108545801212,,0,0,40.920803,0.555140,89.222763,100.000000,0,105.937019,40.924568,16.666666,0.007763,1000000,24.000000,60000,0.317696,15.159779
11,0.658300,Series RL,0.571409,0.000108528577995,,0,0,40.914310,0.571409,89.199851,100.000000,0,-62.994033,40.918300,16.666666,0.007764,1000000,24.000000,60000,0.317680,-153.794174
12,0.709833,Series RL,0.584974,0.00010855266079,,0,0,40.923389,0.584974,89.181045,100.000000,0,66.211265,40.927570,16.666666,0.007763,1000000,24.000000,60000,0.317710,-24.607685
13,0.763548,Series RL,0.578466,0.000108561241894,,0,0,40.926624,0.578466,89.190216,100.000000,0,-173.797988,40.930709,16.666666,0.007763,1000000,24.000000,60000,0.317728,95.392219
14,0.815830,Series RL,0.580492,0.000108520370905,,0,0,40.911216,0.580492,89.187080,100.000000,0,127.989364,40.915332,16.666666,0.007762,1000000,24.000000,60000,0.317581,37.176441
15,0.867016,Series RL,0.618312,0.000108540973512,,0,0,40.918983,0.618312,89.134284,100.000000,0,-6.202644,40.923652,16.666666,0.007763,1000000,24.000000,60000,0.317696,-97.068359
16,0.919062,Series RL,0.520286,0.000108559401002,,0,0,40.925930,0.520286,89.271644,100.000000,0,53.053665,40.929237,16.666666,0.007762,1000000,24.000000,60000,0.317706,-37.674694
17,0.971381,Series RL,0.537186,0.000108591253211,,0,0,40.937938,0.537186,89.248207,100.000000,0,-80.896293,40.941463,16.666666,0.007763,1000000,24.000000,60000,0.317826,-171.648071
18,1.022290,Series RL,0.586087,0.000108537493324,,0,0,40.917671,0.586087,89.179374,100.000000,0,166.460906,40.921867,16.666666,0.007766,1000000,24.000000,60000,0.317791,75.640281
19,1.074189,Series RL,0.553815,0.000108565268514,,0,0,40.928142,0.553815,89.224754,100.000000,0,-163.911087,40.931888,16.666666,0.007764,1000000,24.000000,60000,0.317806,105.313644
20,1.125967,Series RL,0.536578,0.000108529588629,,0,0,40.914691,0.536578,89.248626,100.000000,0,-148.827941,40.918209,16.666666,0.007766,1000000,24.000000,60000,0.317787,120.420677
21,1.177827,Series RL,0.556087,0.0001085438887,,0,0,40.920082,0.556087,89.221420,100.000000,0,-0.485929,40.923858,16.666666,0.007760,1000000,24.000000,60000,0.317563,-91.264503
22,1.230134,Series RL,0.550560,0.000108511336209,,0,0,40.907810,0.550560,89.228927,100.000000,0,147.951889,40.911514,16.666666,0.007762,1000000,24.000000,60000,0.317564,57.180816
23,1.285555,Series RL,0.583913,0.000108601240184,,0,0,40.941703,0.583913,89.182891,100.000000,0,49.637836,40.945869,16.666666,0.007762,1000000,24.000000,60000,0.317836,-41.179271
24,1.338695,Series RL,0.615432,0.000108464091065,,0,0,40.889999,0.615432,89.137710,100.000000,0,-114.078048,40.894630,16.666666,0.007763,1000000,24.000000,60000,0.317461,155.059677
25,1.391658,Series RL,0.601888,0.000108525734427,,0,0,40.913238,0.601888,89.157157,100.000000,0,-171.495269,40.917667,16.666666,0.007763,1000000,24.000000,60000,0.317630,97.661888
26,1.443807,Series RL,0.546792,0.000108559268373,,0,0,40.925880,0.546792,89.234542,100.000000,0,119.311408,40.929534,16.666666,0.007764,1000000,24.000000,60000,0.317773,28.545948
27,1.495745,Series RL,0.575807,0.000108550191236,,0,0,40.922458,0.575807,89.193862,100.000000,0,106.430259,40.926509,16.666666,0.007762,1000000,24.000000,60000,0.317670,15.624118
28,1.546108,Series RL,0.590158,0.000108493009518,,0,0,40.900901,0.590158,89.173332,100.000000,0,-93.338020,40.905158,16.666666,0.007761,1000000,24.000000,60000,0.317461,175.835342
29,1.596382,Series RL,0.578570,0.000108581571286,,0,0,40.934288,0.578570,89.190231,100.000000,0,31.848358,40.938377,16.666666,0.007764,1000000,24.000000,60000,0.317827,-58.961418
30,1.648957,Series RL,0.594396,0.000108511750012,,0,0,40.907966,0.594396,89.167541,100.000000,0,-171.631713,40.912284,16.666666,0.007768,1000000,24.000000,60000,0.317792,97.535804
31,1.700458,Series RL,0.532713,0.000108536257221,,0,0,40.917205,0.532713,89.254089,100.000000,0,124.515708,40.920673,16.666666,0.007763,1000000,24.000000,60000,0.317668,33.769798
32,1.753218,Series RL,0.571915,0.00010856899274,,0,0,40.929546,0.571915,89.199447,100.000000,0,-79.519142,40.933540,16.666666,0.007760,1000000,24.000000,60000,0.317636,-170.319702
33,1.805925,Series RL,0.530147,0.000108574112224,,0,0,40.931476,0.530147,89.257942,100.000000,0,60.396614,40.934909,16.666666,0.007762,1000000,24.000000,60000,0.317728,-30.345443
34,1.858309,Series RL,0.544116,0.00010858129807,,0,0,40.934185,0.544116,89.238441,100.000000,0,139.166244,40.937801,16.666666,0.007762,1000000,24.000000,60000,0.317777,48.404674
35,1.910946,Series RL,0.546988,0.000108550769499,,0,0,40.922676,0.546988,89.234199,100.000000,0,-112.840415,40.926330,16.666666,0.007763,1000000,24.000000,60000,0.317705,156.393768
36,1.964031,Series RL,0.621444,0.000108538291752,,0,0,40.917972,0.621444,89.129882,100.000000,0,-35.184185,40.922691,16.666666,0.007763,1000000,24.000000,60000,0.317703,-126.054306
37,2.015747,Series RL,0.524753,0.000108585080652,,0,0,40.935611,0.524753,89.265556,100.000000,0,89.857185,40.938976,16.666666,0.007761,1000000,24.000000,60000,0.317718,-0.877258
38,2.068253,Series RL,0.636553,0.000108499102499,,0,0,40.903198,0.636553,89.108406,100.000000,0,-78.414970,40.908149,16.666666,0.007762,1000000,24.000000,60000,0.317518,-169.306564
39,2.119308,Series RL,0.595886,0.000108567263256,,0,0,40.928894,0.595886,89.165885,100.000000,0,-42.591156,40.933231,16.666666,0.007763,1000000,24.000000,60000,0.317770,-133.425262
40,2.168839,Series RL,0.518759,0.00010857987098,,0,0,40.933647,0.518759,89.273910,100.000000,0,-61.183002,40.936935,16.666666,0.007764,1000000,24.000000,60000,0.317851,-151.909088
41,2.218239,Series RL,0.567601,0.000108604518776,,0,0,40.942939,0.567601,89.205741,100.000000,0,-84.843482,40.946872,16.666666,0.007765,1000000,24.000000,60000,0.317933,-175.637725
42,2.273861,Series RL,0.567879,0.000108552326565,,0,0,40.923263,0.567879,89.204971,100.000000,0,136.395126,40.927204,16.666666,0.007763,1000000,24.000000,60000,0.317703,45.600090
43,2.328172,Series RL,0.556097,0.000108584019619,,0,0,40.935211,0.556097,89.221694,100.000000,0,-129.632934,40.938987,16.666666,0.007764,1000000,24.000000,60000,0.317831,139.588760
44,2.380814,Series RL,0.554296,0.000108606097063,,0,0,40.943534,0.554296,89.224372,100.000000,0,-23.104953,40.947288,16.666666,0.007763,1000000,24.000000,60000,0.317886,-113.880584
45,2.433447,Series RL,0.610834,0.000108564549665,,0,0,40.927871,0.610834,89.144943,100.000000,0,94.347511,40.932430,16.666666,0.007765,1000000,24.000000,60000,0.317824,3.492453
46,2.486428,Series RL,0.538337,0.000108577380206,,0,0,40.932708,0.538337,89.246498,100.000000,0,-91.362190,40.936248,16.666666,0.007764,1000000,24.000000,60000,0.317843,177.884323
47,2.536182,Series RL,0.529259,0.000108614314763,,0,0,40.946632,0.529259,89.259460,100.000000,0,-75.941314,40.950054,16.666666,0.007765,1000000,24.000000,60000,0.317990,-166.681854
48,2.588387,Series RL,0.562239,0.00010865043763,,0,0,40.960250,0.562239,89.213577,100.000000,0,-30.933912,40.964111,16.666666,0.007766,1000000,24.000000,60000,0.318143,-121.720336
49,2.639161,Series RL,0.534776,0.000108623179693,,0,0,40.949974,0.534776,89.251808,100.000000,0,-169.238739,40.953464,16.666666,0.007768,1000000,24.000000,60000,0.318116,100.013076
50,2.691270,Series RL,0.552982,0.000108590595371,,0,0,40.937690,0.552982,89.226104,100.000000,0,109.589828,40.941425,16.666666,0.007766,1000000,24.000000,60000,0.317949,18.815927
51,2.742030,Series RL,0.549025,0.000108654607489,,0,0,40.961822,0.549025,89.232086,100.000000,0,-74.259346,40.965499,16.666666,0.007767,1000000,24.000000,60000,0.318189,-165.027252
52,2.794718,Series RL,0.534027,0.000108597982813,,0,0,40.940475,0.534027,89.252677,100.000000,0,-175.823928,40.943958,16.666666,0.007766,1000000,24.000000,60000,0.317956,93.428741
53,2.846480,Series RL,0.559325,0.000108564459477,,0,0,40.927837,0.559325,89.217041,100.000000,0,21.153381,40.931659,16.666666,0.007766,1000000,24.000000,60000,0.317860,-69.629577
54,2.898427,Series RL,0.555642,0.000108518893417,,0,0,40.910659,0.555642,89.221862,100.000000,0,-57.812267,40.914432,16.666666,0.007764,1000000,24.000000,60000,0.317656,-148.590408
55,2.950884,Series RL,0.543895,0.000108620052298,,0,0,40.948795,0.543895,89.239021,100.000000,0,89.788505,40.952407,16.666666,0.007765,1000000,24.000000,60000,0.317989,-0.972468
56,3.000710,Series RL,0.546161,0.000108603741569,,0,0,40.942646,0.546161,89.235740,100.000000,0,-131.743087,40.946289,16.666666,0.007765,1000000,24.000000,60000,0.317928,137.492660
57,3.050416,Series RL,0.565441,0.000108598457625,,0,0,40.940654,0.565441,89.208724,100.000000,0,66.651786,40.944557,16.666666,0.007764,1000000,24.000000,60000,0.317914,-24.139486
58,3.101852,Series RL,0.562890,0.000108610227133,,0,0,40.945091,0.562890,89.212371,100.000000,0,-28.679487,40.948959,16.666666,0.007768,1000000,24.000000,60000,0.318079,-119.467117
59,3.153285,Series RL,0.550255,0.000108598478846,,0,0,40.940662,0.550255,89.229965,100.000000,0,-68.787445,40.944358,16.666666,0.007765,1000000,24.000000,60000,0.317937,-159.557479
60,3.205130,Series RL,0.542412,0.000108661448499,,0,0,40.964401,0.542412,89.241378,100.000000,0,-68.210578,40.967990,16.666666,0.007766,1000000,24.000000,60000,0.318166,-158.969192
61,3.259137,Series RL,0.514250,0.000108610731124,,0,0,40.945281,0.514250,89.280433,100.000000,0,-104.097419,40.948509,16.666666,0.007765,1000000,24.000000,60000,0.317953,165.183029
62,3.313682,Series RL,0.569442,0.000108599966945,,0,0,40.941223,0.569442,89.203140,100.000000,0,99.404418,40.945182,16.666666,0.007764,1000000,24.000000,60000,0.317880,8.607552
63,3.367337,Series RL,0.547417,0.000108607890208,,0,0,40.944210,0.547417,89.234008,100.000000,0,120.993995,40.947868,16.666666,0.007765,1000000,24.000000,60000,0.317961,30.228004
64,3.420336,Series RL,0.573222,0.00010855604018,,0,0,40.924663,0.573222,89.197525,100.000000,0,21.338569,40.928680,16.666666,0.007765,1000000,24.000000,60000,0.317806,-69.463905
65,3.472579,Series RL,0.544222,0.000108567414454,,0,0,40.928951,0.544222,89.238197,100.000000,0,-163.743606,40.932567,16.666666,0.007766,1000000,24.000000,60000,0.317878,105.494575
66,3.524245,Series RL,0.583393,0.000108540923113,,0,0,40.918964,0.583393,89.183174,100.000000,0,8.554064,40.923122,16.666666,0.007765,1000000,24.000000,60000,0.317763,-82.262763
67,3.575376,Series RL,0.617977,0.000108549734992,,0,0,40.922286,0.617977,89.134826,100.000000,0,-6.767152,40.926952,16.666666,0.007767,1000000,24.000000,60000,0.317887,-97.632324
68,3.626753,Series RL,0.538744,0.000108633824506,,0,0,40.953987,0.538744,89.246322,100.000000,0,-76.568794,40.957530,16.666666,0.007767,1000000,24.000000,60000,0.318120,-167.322463
69,3.678776,Series RL,0.528017,0.000108614850584,,0,0,40.946834,0.528017,89.261199,100.000000,0,-109.538154,40.950241,16.666666,0.007766,1000000,24.000000,60000,0.318014,159.723068
70,3.734873,Series RL,0.546258,0.000108607423354,,0,0,40.944034,0.546258,89.235633,100.000000,0,-134.921417,40.947677,16.666666,0.007766,1000000,24.000000,60000,0.317984,134.314224
71,3.808237,Series RL,0.567039,0.000108638063333,,0,0,40.955585,0.567039,89.206779,100.000000,0,20.068260,40.959510,16.666666,0.007765,1000000,24.000000,60000,0.318052,-70.724967
72,3.863871,Series RL,0.586653,0.000108536612667,,0,0,40.917339,0.586653,89.178573,100.000000,0,-64.435844,40.921543,16.666666,0.007764,1000000,24.000000,60000,0.317699,-155.257278
73,3.916889,Series RL,0.540720,0.000108579576544,,0,0,40.933536,0.540720,89.243179,100.000000,0,38.425128,40.937107,16.666666,0.007764,1000000,24.000000,60000,0.317821,-52.331691
74,3.969473,Series RL,0.559944,0.000108554825298,,0,0,40.924205,0.559944,89.216094,100.000000,0,177.213394,40.928035,16.666666,0.007766,1000000,24.000000,60000,0.317827,86.429496
75,4.021759,Series RL,0.576077,0.00010858179145,,0,0,40.934371,0.576077,89.193717,100.000000,0,100.607032,40.938426,16.666666,0.007763,1000000,24.000000,60000,0.317824,9.800748
76,4.073666,Series RL,0.536913,0.000108597234785,,0,0,40.940193,0.536913,89.248626,100.000000,0,-148.335876,40.943714,16.666666,0.007767,1000000,24.000000,60000,0.317992,120.912727
77,4.125986,Series RL,0.543907,0.000108603911335,,0,0,40.942710,0.543907,89.238891,100.000000,0,-70.414314,40.946323,16.666666,0.007767,1000000,24.000000,60000,0.318025,-161.175415
78,4.178096,Series RL,0.519055,0.000108586650981,,0,0,40.936203,0.519055,89.273544,100.000000,0,-97.446456,40.939495,16.666666,0.007763,1000000,24.000000,60000,0.317817,171.827087
79,4.229521,Series RL,0.646208,0.000108557668866,,0,0,40.925277,0.646208,89.095382,100.000000,0,-42.567905,40.930377,16.666666,0.007766,1000000,24.000000,60000,0.317874,-133.472534
80,4.284899,Series RL,0.580100,0.000108640543497,,0,0,40.956520,0.580100,89.188529,100.000000,0,63.567031,40.960628,16.666666,0.007766,1000000,24.000000,60000,0.318104,-27.244441
81,4.338348,Series RL,0.575700,0.000108582531521,,0,0,40.934650,0.575700,89.194252,100.000000,0,64.741180,40.938697,16.666666,0.007761,1000000,24.000000,60000,0.317739,-26.064571
82,4.394108,Series RL,0.561896,0.000108619131852,,0,0,40.948448,0.561896,89.213829,100.000000,0,26.580017,40.952301,16.666666,0.007764,1000000,24.000000,60000,0.317942,-64.206153
83,4.446663,Series RL,0.543268,0.000108532755812,,0,0,40.915885,0.543268,89.239280,100.000000,0,-163.530288,40.919494,16.666666,0.007766,1000000,24.000000,60000,0.317781,105.709014
84,4.498156,Series RL,0.525793,0.000108626426454,,0,0,40.951198,0.525793,89.264381,100.000000,0,-61.287345,40.954574,16.666666,0.007766,1000000,24.000000,60000,0.318055,-152.022964
85,4.549602,Series RL,0.548790,0.000108588664291,,0,0,40.936962,0.548790,89.231948,100.000000,0,147.994567,40.940639,16.666666,0.007765,1000000,24.000000,60000,0.317921,57.226520
86,4.600857,Series RL,0.572252,0.000108573839008,,0,0,40.931373,0.572252,89.199012,100.000000,0,65.760406,40.935375,16.666666,0.007767,1000000,24.000000,60000,0.317939,-25.040588
87,4.652139,Series RL,0.535144,0.000108617733941,,0,0,40.947921,0.535144,89.251251,100.000000,0,155.353164,40.951419,16.666666,0.007766,1000000,24.000000,60000,0.318016,64.604415
88,4.704435,Series RL,0.540536,0.000108576003515,,0,0,40.932189,0.540536,89.243408,100.000000,0,-3.450298,40.935760,16.666666,0.007764,1000000,24.000000,60000,0.317830,-94.206878
89,4.760362,Series RL,0.520630,0.000108548583771,,0,0,40.921852,0.520630,89.271087,100.000000,0,-103.683845,40.925163,16.666666,0.007764,1000000,24.000000,60000,0.317732,165.587249
90,4.813279,Series RL,0.598304,0.000108566716824,,0,0,40.928688,0.598304,89.162490,100.000000,0,151.156768,40.933059,16.666666,0.007765,1000000,24.000000,60000,0.317828,60.319263
91,4.866425,Series RL,0.543987,0.000108610144903,,0,0,40.945060,0.543987,89.238830,100.000000,0,176.138183,40.948673,16.666666,0.007765,1000000,24.000000,60000,0.317977,85.377006
92,4.919669,Series RL,0.549507,0.000108617643754,,0,0,40.947887,0.549507,89.231155,100.000000,0,-15.254935,40.951576,16.666666,0.007768,1000000,24.000000,60000,0.318099,-106.023773
93,4.972450,Series RL,0.522857,0.0001085410637,,0,0,40.919017,0.522857,89.267921,100.000000,0,-141.914962,40.922359,16.666666,0.007766,1000000,24.000000,60000,0.317787,127.352958
94,5.023873,Series RL,0.556074,0.000108602415278,,0,0,40.942146,0.556074,89.221855,100.000000,0,-116.797554,40.945922,16.666666,0.007767,1000000,24.000000,60000,0.318014,152.424301
95,5.076122,Series RL,0.605082,0.000108566674383,,0,0,40.928672,0.605082,89.153015,100.000000,0,-77.797271,40.933143,16.666666,0.007765,1000000,24.000000,60000,0.317831,-168.644256
96,5.127805,Series RL,0.540755,0.000108574881473,,0,0,40.931766,0.540755,89.243103,100.000000,0,156.835266,40.935337,16.666666,0.007764,1000000,24.000000,60000,0.317830,66.078376
97,5.179660,Series RL,0.533925,0.000108628906618,,0,0,40.952133,0.533925,89.253028,100.000000,0,-2.535249,40.955612,16.666666,0.007765,1000000,24.000000,60000,0.318034,-93.282218
98,5.232006,Series RL,0.590800,0.000108539312996,,0,0,40.918357,0.590800,89.172790,100.000000,0,-135.745666,40.922622,16.666666,0.007766,1000000,24.000000,60000,0.317823,133.427124
99,5.287460,Series RL,0.595070,0.000108512691679,,0,0,40.908321,0.595070,89.166603,100.000000,0,95.147994,40.912647,16.666666,0.007764,1000000,24.000000,60000,0.317655,4.314613
100,5.340165,Series RL,0.566467,0.000108628622792,,0,0,40.952026,0.566467,89.207511,100.000000,0,-17.768476,40.955944,16.666666,0.007766,1000000,24.000000,60000,0.318060,-108.560966
101,5.392667,Series RL,0.589043,0.0001086111688,,0,0,40.945446,0.589043,89.175788,100.000000,0,-101.755645,40.949680,16.666666,0.007764,1000000,24.000000,60000,0.317945,167.420135
102,5.446681,Series RL,0.562219,0.000108578677318,,0,0,40.933197,0.562219,89.213081,100.000000,0,109.749481,40.937057,16.666666,0.007763,1000000,24.000000,60000,0.317811,18.962570
103,5.499106,Series RL,0.599959,0.000108705767846,,0,0,40.981109,0.599959,89.161247,100.000000,0,-57.628128,40.985500,16.666666,0.007764,1000000,24.000000,60000,0.318208,-148.466873
104,5.550149,Series RL,0.528908,0.00010862131758,,0,0,40.949272,0.528908,89.259994,100.000000,0,-116.011726,40.952690,16.666666,0.007766,1000000,24.000000,60000,0.318049,153.248229
105,5.601786,Series RL,0.532752,0.000108584807436,,0,0,40.935508,0.532752,89.254371,100.000000,0,-155.716537,40.938976,16.666666,0.007765,1000000,24.000000,60000,0.317898,113.537811
106,5.653566,Series RL,0.625690,0.000108519055224,,0,0,40.910720,0.625690,89.123786,100.000000,0,94.190231,40.915504,16.666666,0.007766,1000000,24.000000,60000,0.317735,3.314012
107,5.705738,Series RL,0.581693,0.00010859884225,,0,0,40.940799,0.581693,89.185981,100.000000,0,-79.811264,40.944931,16.666666,0.007765,1000000,24.000000,60000,0.317947,-170.625289
108,5.761126,Series RL,0.532725,0.000108601250795,,0,0,40.941707,0.532725,89.254516,100.000000,0,-53.829467,40.945171,16.666666,0.007765,1000000,24.000000,60000,0.317920,-144.574951
109,5.814875,Series RL,0.598599,0.000108488346278,,0,0,40.899143,0.598599,89.161476,100.000000,0,-151.062911,40.903522,16.666666,0.007765,1000000,24.000000,60000,0.317608,118.098556
110,5.868996,Series RL,0.552236,0.000108605115607,,0,0,40.943164,0.552236,89.227249,100.000000,0,110.336914,40.946887,16.666666,0.007765,1000000,24.000000,60000,0.317946,19.564157
111,5.922382,Series RL,0.572628,0.00010856077504,,0,0,40.926448,0.572628,89.198387,100.000000,0,35.145488,40.930454,16.666666,0.007763,1000000,24.000000,60000,0.317760,-55.656124
112,5.975042,Series RL,0.527944,0.000108583754361,,0,0,40.935111,0.527944,89.261093,100.000000,0,-140.899230,40.938514,16.666666,0.007769,1000000,24.000000,60000,0.318031,128.361877
113,6.026844,Series RL,0.557057,0.00010863425953,,0,0,40.954151,0.557057,89.220710,100.000000,0,-124.041450,40.957939,16.666666,0.007762,1000000,24.000000,60000,0.317922,145.179229
114,6.079228,Series RL,0.641648,0.000108516110858,,0,0,40.909610,0.641648,89.101409,100.000000,0,72.864128,40.914642,16.666666,0.007765,1000000,24.000000,60000,0.317688,-18.034454
115,6.130502,Series RL,0.531230,0.000108585019643,,0,0,40.935588,0.531230,89.256500,100.000000,0,-155.901947,40.939037,16.666666,0.007766,1000000,24.000000,60000,0.317928,113.354537
116,6.181872,Series RL,0.536990,0.000108618736618,,0,0,40.948299,0.536990,89.248680,100.000000,0,59.665096,40.951820,16.666666,0.007765,1000000,24.000000,60000,0.317998,-31.086236
117,6.236742,Series RL,0.578369,0.00010858331138,,0,0,40.934944,0.578369,89.190521,100.000000,0,69.909294,40.939029,16.666666,0.007764,1000000,24.000000,60000,0.317861,-20.900178
118,6.294242,Series RL,0.524467,0.000108579393516,,0,0,40.933467,0.524467,89.265930,100.000000,0,-51.866737,40.936828,16.666666,0.007764,1000000,24.000000,60000,0.317825,-142.600799
119,6.346328,Series RL,0.611304,0.000108548371565,,0,0,40.921772,0.611304,89.144157,100.000000,0,-165.196777,40.926338,16.666666,0.007765,1000000,24.000000,60000,0.317813,103.947349
120,6.399405,Series RL,0.540114,0.000108553965861,,0,0,40.923881,0.540114,89.243850,100.000000,0,168.080398,40.927444,16.666666,0.007767,1000000,24.000000,60000,0.317897,77.324241
121,6.451572,Series RL,0.584123,0.000108585011685,,0,0,40.935585,0.584123,89.182487,100.000000,0,-30.448429,40.939754,16.666666,0.007766,1000000,24.000000,60000,0.317945,-121.265953
122,6.502246,Series RL,0.547728,0.000108542785226,,0,0,40.919666,0.547728,89.233116,100.000000,0,-123.310157,40.923332,16.666666,0.007763,1000000,24.000000,60000,0.317689,145.922958
123,6.553321,Series RL,0.533454,0.000108584807436,,0,0,40.935508,0.533454,89.253387,100.000000,0,-140.910339,40.938983,16.666666,0.007765,1000000,24.000000,60000,0.317896,128.343032
124,6.604909,Series RL,0.555191,0.000108536580836,,0,0,40.917327,0.555191,89.222625,100.000000,0,-142.256240,40.921092,16.666666,0.007766,1000000,24.000000,60000,0.317797,126.966369
125,6.656154,Series RL,0.568921,0.000108594725442,,0,0,40.939247,0.568921,89.203826,100.000000,0,-165.991882,40.943199,16.666666,0.007763,1000000,24.000000,60000,0.317825,103.211952
126,6.708420,Series RL,0.576633,0.000108576226332,,0,0,40.932273,0.576633,89.192901,100.000000,0,128.834487,40.936336,16.666666,0.007763,1000000,24.000000,60000,0.317794,38.027374
127,6.760888,Series RL,0.587198,0.000108560584054,,0,0,40.926376,0.587198,89.177993,100.000000,0,100.606376,40.930587,16.666666,0.007766,1000000,24.000000,60000,0.317852,9.784366
128,6.813770,Series RL,0.541199,0.000108592428305,,0,0,40.938381,0.541199,89.242599,100.000000,0,152.560745,40.941959,16.666666,0.007763,1000000,24.000000,60000,0.317831,61.803352
129,6.866106,Series RL,0.578022,0.000108595049057,,0,0,40.939369,0.578022,89.191093,100.000000,0,28.679075,40.943450,16.666666,0.007763,1000000,24.000000,60000,0.317838,-62.129833
130,6.919049,Series RL,0.541113,0.000108585849901,,0,0,40.935901,0.541113,89.242675,100.000000,0,-108.928161,40.939479,16.666666,0.007764,1000000,24.000000,60000,0.317868,160.314498
131,6.971084,Series RL,0.600688,0.000108521283393,,0,0,40.911560,0.600688,89.158813,100.000000,0,152.466171,40.915969,16.666666,0.007767,1000000,24.000000,60000,0.317775,61.624977
132,7.021006,Series RL,0.556361,0.000108572605557,,0,0,40.930908,0.556361,89.221244,100.000000,0,34.600227,40.934688,16.666666,0.007763,1000000,24.000000,60000,0.317793,-56.178531
133,7.073087,Series RL,0.570026,0.000108544758747,,0,0,40.920410,0.570026,89.201911,100.000000,0,165.523086,40.924381,16.666666,0.007766,1000000,24.000000,60000,0.317806,74.724990
134,7.125819,Series RL,0.523864,0.000108602990889,,0,0,40.942363,0.523864,89.266929,100.000000,0,111.257041,40.945713,16.666666,0.007764,1000000,24.000000,60000,0.317907,20.523971
135,7.178294,Series RL,0.636910,0.000108568244712,,0,0,40.929264,0.636910,89.108474,100.000000,0,-56.776454,40.934219,16.666666,0.007765,1000000,24.000000,60000,0.317851,-147.667968
136,7.230520,Series RL,0.574806,0.000108618269763,,0,0,40.948123,0.574806,89.195762,100.000000,0,-73.306053,40.952159,16.666666,0.007764,1000000,24.000000,60000,0.317962,-164.110290
137,7.287121,Series RL,0.542360,0.000108578656098,,0,0,40.933189,0.542360,89.240875,100.000000,0,53.352321,40.936782,16.666666,0.007766,1000000,24.000000,60000,0.317910,-37.406799
138,7.340253,Series RL,0.563581,0.000108616428871,,0,0,40.947429,0.563581,89.211456,100.000000,0,-32.386371,40.951309,16.666666,0.007765,1000000,24.000000,60000,0.317998,-123.174919
139,7.394698,Series RL,0.578842,0.000108552124969,,0,0,40.923187,0.578842,89.189628,100.000000,0,172.208251,40.927280,16.666666,0.007764,1000000,24.000000,60000,0.317767,81.397865
140,7.448348,Series RL,0.544790,0.000108594988047,,0,0,40.939346,0.544790,89.237594,100.000000,0,-26.953960,40.942970,16.666666,0.007765,1000000,24.000000,60000,0.317910,-117.716369
141,7.501088,Series RL,0.553655,0.000108639177417,,0,0,40.956005,0.553655,89.225509,100.000000,0,40.122905,40.959747,16.666666,0.007763,1000000,24.000000,60000,0.317955,-50.651588
142,7.552774,Series RL,0.594191,0.000108582926755,,0,0,40.934799,0.594191,89.168380,100.000000,0,-58.328926,40.939109,16.666666,0.007763,1000000,24.000000,60000,0.317792,-149.160537
143,7.605409,Series RL,0.626025,0.000108499304096,,0,0,40.903274,0.626025,89.123153,100.000000,0,51.093158,40.908065,16.666666,0.007766,1000000,24.000000,60000,0.317687,-39.783687
144,7.656737,Series RL,0.542856,0.000108554796119,,0,0,40.924194,0.542856,89.240020,100.000000,0,-26.854095,40.927795,16.666666,0.007766,1000000,24.000000,60000,0.317855,-117.614082
145,7.709515,Series RL,0.557206,0.000108595595489,,0,0,40.939575,0.557206,89.220222,100.000000,0,13.356567,40.943367,16.666666,0.007764,1000000,24.000000,60000,0.317882,-77.423210
146,7.788078,Series RL,0.518506,0.000108620760538,,0,0,40.949062,0.518506,89.274543,100.000000,0,-47.900997,40.952342,16.666666,0.007764,1000000,24.000000,60000,0.317964,-138.626464
147,7.844804,Series RL,0.543552,0.000108620789716,,0,0,40.949073,0.543552,89.239509,100.000000,0,25.889112,40.952682,16.666666,0.007764,1000000,24.000000,60000,0.317968,-64.871383
148,7.899090,Series RL,0.562186,0.000108577056591,,0,0,40.932586,0.562186,89.213127,100.000000,0,67.263885,40.936447,16.666666,0.007765,1000000,24.000000,60000,0.317887,-23.522996
149,7.952755,Series RL,0.613218,0.000108538212174,,0,0,40.917942,0.613218,89.141395,100.000000,0,51.868915,40.922534,16.666666,0.007766,1000000,24.000000,60000,0.317804,-38.989692
150,8.004950,Series RL,0.554961,0.000108580457201,,0,0,40.933868,0.554961,89.223258,100.000000,0,-87.509422,40.937629,16.666666,0.007766,1000000,24.000000,60000,0.317903,-178.286163
151,8.057306,Series RL,0.528863,0.000108628116149,,0,0,40.951835,0.528863,89.260108,100.000000,0,-97.588256,40.955249,16.666666,0.007765,1000000,24.000000,60000,0.318007,171.671859
152,8.106933,Series RL,0.576928,0.000108517789942,,0,0,40.910243,0.576928,89.192054,100.000000,0,136.836273,40.914314,16.666666,0.007766,1000000,24.000000,60000,0.317722,46.028324
153,8.154993,Series RL,0.553152,0.000108596019902,,0,0,40.939735,0.553152,89.225898,100.000000,0,-115.816848,40.943473,16.666666,0.007764,1000000,24.000000,60000,0.317866,153.409057
154,8.206222,Series RL,0.535048,0.000108590210747,,0,0,40.937545,0.535048,89.251190,100.000000,0,17.733600,40.941043,16.666666,0.007763,1000000,24.000000,60000,0.317832,-73.015205
155,8.263259,Series RL,0.569926,0.0001085853353,,0,0,40.935707,0.569926,89.202354,100.000000,0,-109.876739,40.939674,16.666666,0.007764,1000000,24.000000,60000,0.317865,159.325637
156,8.318604,Series RL,0.571150,0.000108567475463,,0,0,40.928974,0.571150,89.200508,100.000000,0,100.142982,40.932956,16.666666,0.007763,1000000,24.000000,60000,0.317779,9.343488
157,8.372195,Series RL,0.535741,0.000108527028887,,0,0,40.913726,0.535741,89.249786,100.000000,0,1.753757,40.917232,16.666666,0.007765,1000000,24.000000,60000,0.317715,-88.996459
158,8.422397,Series RL,0.512446,0.000108589523728,,0,0,40.937286,0.512446,89.282814,100.000000,0,140.913803,40.940494,16.666666,0.007764,1000000,24.000000,60000,0.317870,50.196620
159,8.474274,Series RL,0.526116,0.000108543957668,,0,0,40.920108,0.526116,89.263374,100.000000,0,90.285903,40.923492,16.666666,0.007765,1000000,24.000000,60000,0.317787,-0.450720
160,8.525421,Series RL,0.556937,0.000108610813354,,0,0,40.945312,0.556937,89.220710,100.000000,0,169.408935,40.949100,16.666666,0.007765,1000000,24.000000,60000,0.317966,78.629638
161,8.574429,Series RL,0.554944,0.000108601879457,,0,0,40.941944,0.554944,89.223426,100.000000,0,-16.896205,40.945705,16.666666,0.007767,1000000,24.000000,60000,0.318006,-107.672775
162,8.623812,Series RL,0.553569,0.00010865116709,,0,0,40.960525,0.553569,89.225715,100.000000,0,120.128349,40.964263,16.666666,0.007765,1000000,24.000000,60000,0.318102,29.354061
163,8.673185,Series RL,0.561250,0.000108576236943,,0,0,40.932277,0.561250,89.214424,100.000000,0,-129.786376,40.936126,16.666666,0.007761,1000000,24.000000,60000,0.317723,139.428024
164,8.722947,Series RL,0.567442,0.000108562090721,,0,0,40.926944,0.567442,89.205650,100.000000,0,133.975540,40.930877,16.666666,0.007759,1000000,24.000000,60000,0.317583,43.181194
165,8.779223,Series RL,0.540740,0.000108612927462,,0,0,40.946109,0.540740,89.243385,100.000000,0,-145.264709,40.949680,16.666666,0.007764,1000000,24.000000,60000,0.317922,123.978652
166,8.833925,Series RL,0.595426,0.00010852695992,,0,0,40.913700,0.595426,89.166213,100.000000,0,22.674577,40.918033,16.666666,0.007765,1000000,24.000000,60000,0.317723,-68.159202
167,8.884861,Series RL,0.549327,0.000108550151447,,0,0,40.922443,0.549327,89.230926,100.000000,0,-152.936218,40.926128,16.666666,0.007764,1000000,24.000000,60000,0.317746,116.294677
168,8.938458,Series RL,0.558943,0.000108552782809,,0,0,40.923435,0.558943,89.217483,100.000000,0,-146.939468,40.927249,16.666666,0.007765,1000000,24.000000,60000,0.317797,122.278030
169,8.990784,Series RL,0.532817,0.000108590131169,,0,0,40.937515,0.532817,89.254310,100.000000,0,-111.003967,40.940982,16.666666,0.007764,1000000,24.000000,60000,0.317859,158.250350
170,9.042879,Series RL,0.522060,0.000108594380606,,0,0,40.939117,0.522060,89.269393,100.000000,0,-124.894882,40.942447,16.666666,0.007763,1000000,24.000000,60000,0.317847,144.374511
171,9.095440,Series RL,0.548474,0.000108605420654,,0,0,40.943279,0.548474,89.232513,100.000000,0,-40.098052,40.946952,16.666666,0.007764,1000000,24.000000,60000,0.317911,-130.865539
172,9.146419,Series RL,0.619169,0.000108551780133,,0,0,40.923057,0.619169,89.133178,100.000000,0,-150.306854,40.927742,16.666666,0.007767,1000000,24.000000,60000,0.317891,118.826293
173,9.197913,Series RL,0.550497,0.000108626933097,,0,0,40.951389,0.550497,89.229827,100.000000,0,-1.637000,40.955089,16.666666,0.007766,1000000,24.000000,60000,0.318061,-92.407157
174,9.251163,Series RL,0.544230,0.000108576764807,,0,0,40.932476,0.544230,89.238250,100.000000,0,-152.432708,40.936092,16.666666,0.007762,1000000,24.000000,60000,0.317758,116.805503
175,9.306331,Series RL,0.541504,0.000108570488797,,0,0,40.930110,0.541504,89.242019,100.000000,0,31.619430,40.933692,16.666666,0.007763,1000000,24.000000,60000,0.317772,-59.138545
176,9.362070,Series RL,0.580482,0.00010855668741,,0,0,40.924907,0.580482,89.187362,100.000000,0,157.791915,40.929023,16.666666,0.007764,1000000,24.000000,60000,0.317762,66.979278
177,9.414550,Series RL,0.562129,0.000108577329807,,0,0,40.932689,0.562129,89.213203,100.000000,0,12.007272,40.936550,16.666666,0.007762,1000000,24.000000,60000,0.317753,-78.779525
178,9.467125,Series RL,0.559560,0.000108594988047,,0,0,40.939346,0.559560,89.216918,100.000000,0,114.235748,40.943168,16.666666,0.007764,1000000,24.000000,60000,0.317864,23.452672
179,9.519613,Series RL,0.555840,0.000108573921238,,0,0,40.931404,0.555840,89.221984,100.000000,0,38.826576,40.935176,16.666666,0.007764,1000000,24.000000,60000,0.317810,-51.951450
180,9.572821,Series RL,0.563598,0.000108591324831,,0,0,40.937965,0.563598,89.211250,100.000000,0,82.249382,40.941844,16.666666,0.007762,1000000,24.000000,60000,0.317809,-8.539360
181,9.624522,Series RL,0.525153,0.000108620275115,,0,0,40.948879,0.525153,89.265235,100.000000,0,124.727676,40.952243,16.666666,0.007763,1000000,24.000000,60000,0.317918,33.992923
182,9.676350,Series RL,0.542973,0.000108542106165,,0,0,40.919410,0.542973,89.239768,100.000000,0,18.038091,40.923011,16.666666,0.007764,1000000,24.000000,60000,0.317714,-72.722137
183,9.736329,Series RL,0.551099,0.000108605197837,,0,0,40.943195,0.551099,89.228843,100.000000,0,2.406863,40.946903,16.666666,0.007764,1000000,24.000000,60000,0.317923,-88.364303
184,9.778407,Series RL,0.592966,0.000108565135885,,0,0,40.928092,0.592966,89.169952,100.000000,0,80.002166,40.932388,16.666666,0.007765,1000000,24.000000,60000,0.317828,-10.827877
185,9.825662,Series RL,0.550425,0.000108543522644,,0,0,40.919944,0.550425,89.229347,100.000000,0,-124.026535,40.923645,16.666666,0.007764,1000000,24.000000,60000,0.317732,145.202804
186,9.876693,Series RL,0.556523,0.000108563294993,,0,0,40.927398,0.556523,89.220954,100.000000,0,155.863525,40.931182,16.666666,0.007763,1000000,24.000000,60000,0.317751,65.084465
187,9.931185,Series RL,0.562940,0.000108616137087,,0,0,40.947319,0.562940,89.212348,100.000000,0,5.679201,40.951187,16.666666,0.007763,1000000,24.000000,60000,0.317888,-85.108451
188,9.983923,Series RL,0.530607,0.000108561554899,,0,0,40.926742,0.530607,89.257202,100.000000,0,-97.583404,40.930183,16.666666,0.007763,1000000,24.000000,60000,0.317759,171.673797
189,10.034276,Series RL,0.530354,0.000108549514828,,0,0,40.922203,0.530354,89.257484,100.000000,0,-162.500534,40.925640,16.666666,0.007765,1000000,24.000000,60000,0.317771,106.756965
190,10.086475,Series RL,0.518575,0.000108527050107,,0,0,40.913734,0.518575,89.273818,100.000000,0,-140.122299,40.917022,16.666666,0.007764,1000000,24.000000,60000,0.317671,129.151519
191,10.138139,Series RL,0.534551,0.000108593438939,,0,0,40.938762,0.534551,89.251914,100.000000,0,153.337356,40.942253,16.666666,0.007765,1000000,24.000000,60000,0.317900,62.589267
192,10.191147,Series RL,0.569272,0.000108599165865,,0,0,40.940921,0.569272,89.203369,100.000000,0,19.076148,40.944877,16.666666,0.007765,1000000,24.000000,60000,0.317922,-71.720481
193,10.244307,Series RL,0.560299,0.000108564003233,,0,0,40.927665,0.560299,89.215667,100.000000,0,41.361560,40.931503,16.666666,0.007762,1000000,24.000000,60000,0.317728,-49.422771
194,10.302363,Series RL,0.639258,0.000108564175651,,0,0,40.927730,0.639258,89.105148,100.000000,0,37.124736,40.932723,16.666666,0.007763,1000000,24.000000,60000,0.317759,-53.770107
195,10.356578,Series RL,0.568431,0.00010861582143,,0,0,40.947200,0.568431,89.204666,100.000000,0,40.512454,40.951145,16.666666,0.007762,1000000,24.000000,60000,0.317865,-50.282878
196,10.408788,Series RL,0.541502,0.00010862188258,,0,0,40.949485,0.541502,89.242385,100.000000,0,97.213768,40.953063,16.666666,0.007763,1000000,24.000000,60000,0.317921,6.456145
197,10.460992,Series RL,0.566943,0.000108526259638,,0,0,40.913436,0.566943,89.206092,100.000000,0,179.397766,40.917366,16.666666,0.007763,1000000,24.000000,60000,0.317633,88.603858
198,10.513078,Series RL,0.588416,0.000108581823281,,0,0,40.934383,0.588416,89.176452,100.000000,0,-115.196792,40.938613,16.666666,0.007764,1000000,24.000000,60000,0.317859,153.979629
199,10.565384,Series RL,0.567815,0.000108609094481,,0,0,40.944664,0.567815,89.205474,100.000000,0,40.439083,40.948600,16.666666,0.007762,1000000,24.000000,60000,0.317863,-50.355442
200,10.619608,Series RL,0.530704,0.000108573364196,,0,0,40.931194,0.530704,89.257156,100.000000,0,60.135543,40.934635,16.666666,0.007765,1000000,24.000000,60000,0.317839,-30.607297
201,10.671182,Series RL,0.545586,0.000108554422105,,0,0,40.924053,0.545586,89.236190,100.000000,0,176.781372,40.927688,16.666666,0.007763,1000000,24.000000,60000,0.317715,86.017562
202,10.723153,Series RL,0.558227,0.000108521697196,,0,0,40.911716,0.558227,89.218261,100.000000,0,121.820167,40.915523,16.666666,0.007763,1000000,24.000000,60000,0.317647,31.038429
203,10.778766,Series RL,0.569475,0.000108650023827,,0,0,40.960094,0.569475,89.203460,100.000000,0,-56.112365,40.964054,16.666666,0.007765,1000000,24.000000,60000,0.318088,-146.908905
204,10.833908,Series RL,0.520027,0.000108581560675,,0,0,40.934284,0.520027,89.272155,100.000000,0,167.964584,40.937587,16.666666,0.007766,1000000,24.000000,60000,0.317922,77.236747
205,10.887707,Series RL,0.549748,0.000108583199971,,0,0,40.934902,0.549748,89.230567,100.000000,0,162.152191,40.938594,16.666666,0.007764,1000000,24.000000,60000,0.317837,71.382759
206,10.940718,Series RL,0.554336,0.00010861381873,,0,0,40.946445,0.554336,89.224372,100.000000,0,-91.410736,40.950199,16.666666,0.007766,1000000,24.000000,60000,0.318009,177.813659
207,10.993746,Series RL,0.556380,0.000108626811078,,0,0,40.951343,0.556380,89.221603,100.000000,0,-75.136604,40.955123,16.666666,0.007764,1000000,24.000000,60000,0.317977,-165.915008
208,11.046284,Series RL,0.512545,0.000108541379357,,0,0,40.919136,0.512545,89.282356,100.000000,0,88.781768,40.922348,16.666666,0.007765,1000000,24.000000,60000,0.317754,-1.935871
209,11.098977,Series RL,0.603928,0.000108585526286,,0,0,40.935779,0.603928,89.154769,100.000000,0,-71.884925,40.940235,16.666666,0.007764,1000000,24.000000,60000,0.317879,-162.730148
210,11.150482,Series RL,0.554970,0.000108607948565,,0,0,40.944232,0.554970,89.223442,100.000000,0,-110.338211,40.947994,16.666666,0.007764,1000000,24.000000,60000,0.317926,158.885208
211,11.200931,Series RL,0.543192,0.0001085566768,,0,0,40.924903,0.543192,89.239562,100.000000,0,-154.364761,40.928508,16.666666,0.007763,1000000,24.000000,60000,0.317717,114.874786
212,11.255383,Series RL,0.565147,0.000108587945441,,0,0,40.936691,0.565147,89.209053,100.000000,0,13.027810,40.940593,16.666666,0.007762,1000000,24.000000,60000,0.317786,-77.763137
213,11.311363,Series RL,0.545680,0.000108619635843,,0,0,40.948638,0.545680,89.236526,100.000000,0,155.766693,40.952274,16.666666,0.007762,1000000,24.000000,60000,0.317865,65.003219
214,11.366066,Series RL,0.540205,0.000108627166524,,0,0,40.951477,0.540205,89.244224,100.000000,0,-46.787357,40.955039,16.666666,0.007763,1000000,24.000000,60000,0.317917,-137.543121
215,11.420514,Series RL,0.536328,0.000108586528962,,0,0,40.936157,0.536328,89.249374,100.000000,0,75.221771,40.939670,16.666666,0.007763,1000000,24.000000,60000,0.317821,-15.528852
216,11.473495,Series RL,0.559964,0.000108605054598,,0,0,40.943141,0.559964,89.216438,100.000000,0,-80.876327,40.946971,16.666666,0.007762,1000000,24.000000,60000,0.317844,-171.659881
217,11.526309,Series RL,0.502422,0.000108552894218,,0,0,40.923477,0.502422,89.296607,100.000000,0,-140.097915,40.926559,16.666666,0.007765,1000000,24.000000,60000,0.317811,129.198654
218,11.577128,Series RL,0.576787,0.000108640259671,,0,0,40.956413,0.576787,89.193161,100.000000,0,-65.939476,40.960472,16.666666,0.007763,1000000,24.000000,60000,0.317968,-156.746322
219,11.629449,Series RL,0.580593,0.000108515402618,,0,0,40.909343,0.580593,89.186897,100.000000,0,129.766571,40.913463,16.666666,0.007761,1000000,24.000000,60000,0.317532,38.953468
220,11.681229,Series RL,0.565290,0.000108594775841,,0,0,40.939266,0.565290,89.208908,100.000000,0,155.387542,40.943168,16.666666,0.007765,1000000,24.000000,60000,0.317912,64.596443
221,11.746396,Series RL,0.550307,0.000108574083046,,0,0,40.931465,0.550307,89.229721,100.000000,0,-162.604400,40.935165,16.666666,0.007763,1000000,24.000000,60000,0.317770,106.625297
222,11.787991,Series RL,0.560708,0.00010862252981,,0,0,40.949729,0.560708,89.215522,100.000000,0,-153.353469,40.953567,16.666666,0.007764,1000000,24.000000,60000,0.317961,115.862068
223,11.829219,Series RL,0.558915,0.000108627943731,,0,0,40.951770,0.558915,89.218070,100.000000,0,-57.900966,40.955585,16.666666,0.007762,1000000,24.000000,60000,0.317900,-148.682907
224,11.870345,Series RL,0.547327,0.000108618118566,,0,0,40.948066,0.547327,89.234199,100.000000,0,-93.951438,40.951725,16.666666,0.007762,1000000,24.000000,60000,0.317879,175.282775
225,11.921774,Series RL,0.545371,0.000108617521735,,0,0,40.947841,0.545371,89.236946,100.000000,0,-134.457427,40.951473,16.666666,0.007765,1000000,24.000000,60000,0.317990,134.779495
226,11.972385,Series RL,0.575796,0.000108580374971,,0,0,40.933837,0.575796,89.194107,100.000000,0,107.165107,40.937889,16.666666,0.007761,1000000,24.000000,60000,0.317733,16.359207
227,12.024503,Series RL,0.574350,0.00010855804288,,0,0,40.925418,0.574350,89.195960,100.000000,0,-158.884506,40.929447,16.666666,0.007763,1000000,24.000000,60000,0.317744,110.311470
228,12.073727,Series RL,0.508595,0.000108537503935,,0,0,40.917675,0.508595,89.287864,100.000000,0,-176.139495,40.920833,16.666666,0.007765,1000000,24.000000,60000,0.317765,93.148361
229,12.122433,Series RL,0.548119,0.000108611571993,,0,0,40.945598,0.548119,89.233047,100.000000,0,118.916976,40.949264,16.666666,0.007763,1000000,24.000000,60000,0.317901,28.150032
230,12.173198,Series RL,0.569191,0.000108676019134,,0,0,40.969894,0.569191,89.204040,100.000000,0,-109.702896,40.973846,16.666666,0.007763,1000000,24.000000,60000,0.318064,159.501159
231,12.223937,Series RL,0.623587,0.000108578504901,,0,0,40.933132,0.623587,89.127204,100.000000,0,87.269966,40.937881,16.666666,0.007764,1000000,24.000000,60000,0.317849,-3.602839
232,12.280361,Series RL,0.537008,0.000108595685677,,0,0,40.939609,0.537008,89.248489,100.000000,0,-62.538955,40.943130,16.666666,0.007764,1000000,24.000000,60000,0.317898,-153.290466
233,12.333332,Series RL,0.551060,0.00010852818276,,0,0,40.914161,0.551060,89.228347,100.000000,0,127.837203,40.917873,16.666666,0.007763,1000000,24.000000,60000,0.317657,37.065555
234,12.388157,Series RL,0.576205,0.000108566310979,,0,0,40.928535,0.576205,89.193420,100.000000,0,25.406902,40.932590,16.666666,0.007761,1000000,24.000000,60000,0.317663,-65.399673
235,12.440626,Series RL,0.572147,0.000108597354151,,0,0,40.940238,0.572147,89.199333,100.000000,0,55.984504,40.944236,16.666666,0.007763,1000000,24.000000,60000,0.317830,-34.816165
236,12.492275,Series RL,0.524600,0.00010861302826,,0,0,40.946147,0.524600,89.265968,100.000000,0,-33.749114,40.949508,16.666666,0.007764,1000000,24.000000,60000,0.317938,-124.483146
237,12.543137,Series RL,0.566853,0.000108555756354,,0,0,40.924556,0.566853,89.206428,100.000000,0,-28.850358,40.928482,16.666666,0.007762,1000000,24.000000,60000,0.317674,-119.643928
238,12.594296,Series RL,0.541941,0.000108592428305,,0,0,40.938381,0.541941,89.241569,100.000000,0,98.398353,40.941967,16.666666,0.007764,1000000,24.000000,60000,0.317878,7.639921
239,12.645677,Series RL,0.557521,0.000108563841425,,0,0,40.927604,0.557521,89.219551,100.000000,0,161.606826,40.931400,16.666666,0.007762,1000000,24.000000,60000,0.317722,70.826377
240,12.698197,Series RL,0.600123,0.000108566501965,,0,0,40.928607,0.600123,89.159950,100.000000,0,28.903518,40.933006,16.666666,0.007764,1000000,24.000000,60000,0.317788,-61.936538
241,12.751897,Series RL,0.603077,0.000108536976071,,0,0,40.917476,0.603077,89.155586,100.000000,0,-21.308673,40.921920,16.666666,0.007764,1000000,24.000000,60000,0.317707,-112.153083
242,12.805460,Series RL,0.547385,0.000108590828798,,0,0,40.937778,0.547385,89.233932,100.000000,0,-98.355705,40.941440,16.666666,0.007765,1000000,24.000000,60000,0.317898,170.878265
243,12.858183,Series RL,0.604567,0.000108565318914,,0,0,40.928161,0.604567,89.153724,100.000000,0,-99.636962,40.932624,16.666666,0.007768,1000000,24.000000,60000,0.317956,169.516738
244,12.910194,Series RL,0.515832,0.000108606797344,,0,0,40.943798,0.515832,89.278190,100.000000,0,-167.012832,40.947048,16.666666,0.007764,1000000,24.000000,60000,0.317916,102.265342
245,12.962994,Series RL,0.529941,0.000108608961851,,0,0,40.944614,0.529941,89.258468,100.000000,0,-142.149322,40.948043,16.666666,0.007766,1000000,24.000000,60000,0.317985,127.109146
246,13.014063,Series RL,0.531447,0.000108598529245,,0,0,40.940681,0.531447,89.256294,100.000000,0,-66.779747,40.944129,16.666666,0.007766,1000000,24.000000,60000,0.317952,-157.523468
247,13.065145,Series RL,0.550346,0.000108618463402,,0,0,40.948196,0.550346,89.229988,100.000000,0,-76.651451,40.951892,16.666666,0.007763,1000000,24.000000,60000,0.317907,-167.421478
248,13.115908,Series RL,0.520930,0.000108571502083,,0,0,40.930492,0.520930,89.270828,100.000000,0,-80.567192,40.933807,16.666666,0.007765,1000000,24.000000,60000,0.317849,-171.296371
249,13.166471,Series RL,0.546541,0.000108656814438,,0,0,40.962654,0.546541,89.235580,100.000000,0,-38.383060,40.966300,16.666666,0.007763,1000000,24.000000,60000,0.318003,-129.147476
250,13.217412,Series RL,0.553246,0.000108589725324,,0,0,40.937362,0.553246,89.225723,100.000000,0,49.590396,40.941101,16.666666,0.007764,1000000,24.000000,60000,0.317859,-41.183879
251,13.281681,Series RL,0.554983,0.000108587571427,,0,0,40.936550,0.554983,89.223274,100.000000,0,-173.690902,40.940311,16.666666,0.007764,1000000,24.000000,60000,0.317870,95.532371
252,13.336888,Series RL,0.554717,0.000108626304435,,0,0,40.951152,0.554717,89.223922,100.000000,0,111.609336,40.954910,16.666666,0.007764,1000000,24.000000,60000,0.317962,20.833263
253,13.401176,Series RL,0.551038,0.000108534588747,,0,0,40.916576,0.551038,89.228424,100.000000,0,103.299896,40.920288,16.666666,0.007765,1000000,24.000000,60000,0.317759,12.528323
254,13.462311,Series RL,0.596047,0.000108566390557,,0,0,40.928565,0.596047,89.165649,100.000000,0,80.151412,40.932903,16.666666,0.007765,1000000,24.000000,60000,0.317832,-10.682934
255,13.514823,Series RL,0.550098,0.000108607898166,,0,0,40.944213,0.550098,89.230262,100.000000,0,162.081954,40.947906,16.666666,0.007763,1000000,24.000000,60000,0.317874,71.312217
256,13.568793,Series RL,0.519627,0.000108604134152,,0,0,40.942794,0.519627,89.272865,100.000000,0,-18.972911,40.946094,16.666666,0.007766,1000000,24.000000,60000,0.317974,-109.700050
257,13.621920,Series RL,0.610759,0.000108481160432,,0,0,40.896434,0.610759,89.144386,100.000000,0,-49.595905,40.900997,16.666666,0.007765,1000000,24.000000,60000,0.317579,-140.451507
258,13.674420,Series RL,0.568272,0.00010858266415,,0,0,40.934700,0.568272,89.204643,100.000000,0,140.494369,40.938644,16.666666,0.007765,1000000,24.000000,60000,0.317872,49.699016
259,13.726181,Series RL,0.600306,0.000108624280515,,0,0,40.950389,0.600306,89.160140,100.000000,0,-51.361438,40.954788,16.666666,0.007763,1000000,24.000000,60000,0.317941,-142.201293
260,13.779546,Series RL,0.583768,0.00010857164267,,0,0,40.930545,0.583768,89.182876,100.000000,0,-27.362249,40.934707,16.666666,0.007765,1000000,24.000000,60000,0.317847,-118.179374
261,13.832863,Series RL,0.603780,0.000108560706073,,0,0,40.926422,0.603780,89.154777,100.000000,0,29.225212,40.930873,16.666666,0.007764,1000000,24.000000,60000,0.317768,-61.620006
262,13.885351,Series RL,0.552796,0.000108574202412,,0,0,40.931510,0.552796,89.226234,100.000000,0,177.035110,40.935241,16.666666,0.007766,1000000,24.000000,60000,0.317900,86.261352
263,13.939319,Series RL,0.553444,0.000108628532604,,0,0,40.951992,0.553444,89.225723,100.000000,0,84.807365,40.955730,16.666666,0.007763,1000000,24.000000,60000,0.317920,-5.966913
264,13.992135,Series RL,0.547008,0.000108563478021,,0,0,40.927467,0.547008,89.234268,100.000000,0,-58.643234,40.931121,16.666666,0.007762,1000000,24.000000,60000,0.317724,-149.408966
265,14.043656,Series RL,0.589578,0.000108646755845,,0,0,40.958862,0.589578,89.175315,100.000000,0,-72.111236,40.963108,16.666666,0.007765,1000000,24.000000,60000,0.318067,-162.935913
266,14.096339,Series RL,0.574973,0.000108550241635,,0,0,40.922477,0.574973,89.195022,100.000000,0,79.392608,40.926517,16.666666,0.007764,1000000,24.000000,60000,0.317740,-11.412364
267,14.149488,Series RL,0.551243,0.000108596879339,,0,0,40.940059,0.551243,89.228576,100.000000,0,-15.517169,40.943771,16.666666,0.007764,1000000,24.000000,60000,0.317906,-106.288589
268,14.202433,Series RL,0.581127,0.000108607929997,,0,0,40.944225,0.581127,89.186843,100.000000,0,100.157821,40.948348,16.666666,0.007763,1000000,24.000000,60000,0.317899,9.344669
269,14.256751,Series RL,0.506064,0.000108609012251,,0,0,40.944633,0.506064,89.291877,100.000000,0,139.322860,40.947761,16.666666,0.007765,1000000,24.000000,60000,0.317967,48.614738
270,14.313456,Series RL,0.513528,0.000108529519662,,0,0,40.914665,0.513528,89.280906,100.000000,0,175.379119,40.917888,16.666666,0.007764,1000000,24.000000,60000,0.317693,84.660034
271,14.366841,Series RL,0.529269,0.000108544191095,,0,0,40.920196,0.529269,89.258964,100.000000,0,169.757095,40.923618,16.666666,0.007767,1000000,24.000000,60000,0.317856,79.016067
272,14.420490,Series RL,0.615390,0.000108587478587,,0,0,40.936515,0.615390,89.138740,100.000000,0,-107.245384,40.941139,16.666666,0.007765,1000000,24.000000,60000,0.317922,161.893325
273,14.470782,Series RL,0.582117,0.000108562252528,,0,0,40.927005,0.582117,89.185119,100.000000,0,71.277343,40.931144,16.666666,0.007767,1000000,24.000000,60000,0.317926,-19.537544
274,14.523967,Series RL,0.554349,0.000108605935255,,0,0,40.943473,0.554349,89.224296,100.000000,0,84.050941,40.947227,16.666666,0.007763,1000000,24.000000,60000,0.317891,-6.724764
275,14.576032,Series RL,0.555569,0.000108553398208,,0,0,40.923667,0.555569,89.222213,100.000000,0,-22.373306,40.927440,16.666666,0.007763,1000000,24.000000,60000,0.317718,-113.151100
276,14.627438,Series RL,0.573057,0.00010858660854,,0,0,40.936187,0.573057,89.197982,100.000000,0,-96.113693,40.940196,16.666666,0.007764,1000000,24.000000,60000,0.317861,173.084259
277,14.678946,Series RL,0.539869,0.000108556615791,,0,0,40.924880,0.539869,89.244209,100.000000,0,80.867706,40.928440,16.666666,0.007764,1000000,24.000000,60000,0.317761,-9.888084
278,14.731497,Series RL,0.639795,0.00010850782419,,0,0,40.906486,0.639795,89.103935,100.000000,0,137.567321,40.911491,16.666666,0.007765,1000000,24.000000,60000,0.317694,46.671268
279,14.785611,Series RL,0.549179,0.000108611542814,,0,0,40.945587,0.549179,89.231567,100.000000,0,-15.996374,40.949272,16.666666,0.007765,1000000,24.000000,60000,0.317968,-106.764801
280,14.838839,Series RL,0.554258,0.000108568841543,,0,0,40.929489,0.554258,89.224159,100.000000,0,154.749511,40.933242,16.666666,0.007764,1000000,24.000000,60000,0.317810,63.973674
281,14.892064,Series RL,0.561504,0.000108568780534,,0,0,40.929466,0.561504,89.214019,100.000000,0,-27.288507,40.933319,16.666666,0.007764,1000000,24.000000,60000,0.317824,-118.074485
282,14.944760,Series RL,0.560940,0.000108599309104,,0,0,40.940975,0.560940,89.215026,100.000000,0,128.986465,40.944816,16.666666,0.007761,1000000,24.000000,60000,0.317776,38.201492
283,14.997214,Series RL,0.538351,0.000108572170534,,0,0,40.930744,0.538351,89.246444,100.000000,0,-175.867050,40.934284,16.666666,0.007764,1000000,24.000000,60000,0.317813,93.379432
284,15.049701,Series RL,0.537398,0.000108580791427,,0,0,40.933994,0.537398,89.247840,100.000000,0,-47.271255,40.937522,16.666666,0.007763,1000000,24.000000,60000,0.317786,-138.023422
285,15.103036,Series RL,0.651337,0.000108519583088,,0,0,40.910919,0.651337,89.087882,100.000000,0,-99.875442,40.916103,16.666666,0.007764,1000000,24.000000,60000,0.317675,169.212417
286,15.154687,Series RL,0.555143,0.000108536814263,,0,0,40.917415,0.555143,89.222694,100.000000,0,154.685684,40.921180,16.666666,0.007764,1000000,24.000000,60000,0.317716,63.908382
287,15.206090,Series RL,0.586497,0.000108573515393,,0,0,40.931251,0.586497,89.179077,100.000000,0,-99.615135,40.935451,16.666666,0.007764,1000000,24.000000,60000,0.317841,169.563903
288,15.259071,Series RL,0.559890,0.000108615317439,,0,0,40.947010,0.559890,89.216613,100.000000,0,-110.009597,40.950836,16.666666,0.007763,1000000,24.000000,60000,0.317902,159.207000
289,15.312056,Series RL,0.566519,0.000108620871946,,0,0,40.949104,0.566519,89.207374,100.000000,0,-109.365745,40.953022,16.666666,0.007763,1000000,24.000000,60000,0.317898,159.841644
290,15.366466,Series RL,0.549460,0.000108563862646,,0,0,40.927612,0.549460,89.230842,100.000000,0,30.511846,40.931301,16.666666,0.007762,1000000,24.000000,60000,0.317703,-60.257312
291,15.419157,Series RL,0.552868,0.000108570976872,,0,0,40.930294,0.552868,89.226119,100.000000,0,-55.921554,40.934028,16.666666,0.007765,1000000,24.000000,60000,0.317839,-146.695434
292,15.472335,Series RL,0.572844,0.000108575913328,,0,0,40.932155,0.572844,89.198196,100.000000,0,-150.871276,40.936164,16.666666,0.007766,1000000,24.000000,60000,0.317906,118.326904
293,15.524775,Series RL,0.567652,0.000108534933582,,0,0,40.916706,0.567652,89.205169,100.000000,0,141.149002,40.920642,16.666666,0.007764,1000000,24.000000,60000,0.317724,50.354164
294,15.575636,Series RL,0.555778,0.000108569305745,,0,0,40.929664,0.555778,89.222030,100.000000,0,113.735458,40.933437,16.666666,0.007761,1000000,24.000000,60000,0.317672,22.957490
295,15.626717,Series RL,0.550606,0.000108538838184,,0,0,40.918178,0.550606,89.229057,100.000000,0,38.143146,40.921882,16.666666,0.007764,1000000,24.000000,60000,0.317699,-52.627796
296,15.677157,Series RL,0.549488,0.000108602192461,,0,0,40.942062,0.549488,89.231071,100.000000,0,61.762340,40.945747,16.666666,0.007763,1000000,24.000000,60000,0.317882,-29.006589
297,15.735402,Series RL,0.564434,0.000108634874929,,0,0,40.954383,0.564434,89.210395,100.000000,0,110.357582,40.958274,16.666666,0.007765,1000000,24.000000,60000,0.318060,19.567979
298,15.778304,Series RL,0.571751,0.000108565753937,,0,0,40.928325,0.571751,89.199653,100.000000,0,30.577533,40.932319,16.666666,0.007765,1000000,24.000000,60000,0.317857,-60.222812
299,15.825012,Series RL,0.553628,0.000108574579079,,0,0,40.931652,0.553628,89.225082,100.000000,0,-142.103713,40.935398,16.666666,0.007764,1000000,24.000000,60000,0.317841,127.121345
300,15.879359,Series RL,0.607310,0.000108588136427,,0,0,40.936763,0.607310,89.150062,100.000000,0,-122.055015,40.941268,16.666666,0.007764,1000000,24.000000,60000,0.317853,147.095031
