index,elapsed_s,model,series_r,series_l,series_c,current_pga,impedance_mag_ohm,voltage_phase_deg,impedance_real_ohm,sample_rate_hz,voltage_amplitude_v,current_amplitude_a,dds_frequency_hz,current_phase_deg,voltage_pga,shunt_resistance_ohm,samples_per_period,captured_cycles,phase_diff_deg,impedance_imag_ohm,shunt_range
1,0.115065,Series RC,-0.064535,,4.52129374901e-07,1,1173.373168,-12.638584,-0.064535,7500,0.604632,0.000515,300,-102.635437,1,1000.000000,25.000000,16.000000,-90.003150,-1173.373168,1
2,0.209597,Series RC,0.656666,,4.52132855563e-07,1,1173.364257,24.041660,0.656666,7500,0.604628,0.000515,300,-65.990409,1,1000.000000,25.000000,16.000000,-89.967933,-1173.364135,1
3,0.302992,Series RC,0.176641,,4.52058689705e-07,1,1173.556640,153.276947,0.176641,7500,0.604733,0.000515,300,63.268299,1,1000.000000,25.000000,16.000000,-89.991371,-1173.556640,1
4,0.398943,Series RC,0.475196,,4.52314398618e-07,1,1172.893310,158.363647,0.475196,7500,0.604631,0.000516,300,68.340454,1,1000.000000,25.000000,16.000000,-89.976783,-1172.893188,1
5,0.492921,Series RC,1.015540,,4.52029537807e-07,1,1173.632812,88.847862,1.015540,7500,0.604788,0.000515,300,-1.201722,1,1000.000000,25.000000,16.000000,-89.950416,-1173.632324,1
6,0.614447,Series RC,0.022186,,4.52184414409e-07,1,1173.230346,153.677230,0.022186,7500,0.604461,0.000515,300,63.676143,1,1000.000000,25.000000,16.000000,-89.998908,-1173.230346,1
7,0.709189,Series RC,0.604266,,4.51988167548e-07,1,1173.739868,-35.497318,0.604266,7500,0.604570,0.000515,300,-125.526809,1,1000.000000,25.000000,16.000000,-89.970497,-1173.739746,1
8,0.803120,Series RC,1.074252,,4.52050555114e-07,1,1173.578247,107.624786,1.074252,7500,0.604500,0.000515,300,17.572341,1,1000.000000,25.000000,16.000000,-89.947555,-1173.577758,1
9,0.898025,Series RC,0.579554,,4.52055210184e-07,1,1173.565795,171.070205,0.579554,7500,0.604798,0.000515,300,81.041908,1,1000.000000,25.000000,16.000000,-89.971702,-1173.565673,1
10,0.992726,Series RC,0.193404,,4.52116251901e-07,1,1173.407226,-18.120231,0.193404,7500,0.604537,0.000515,300,-108.129661,1,1000.000000,25.000000,16.000000,-89.990554,-1173.407226,1
11,1.086440,Series RC,1.901605,,4.51989813017e-07,1,1173.737060,133.389953,1.901605,7500,0.604663,0.000515,300,43.297134,1,1000.000000,25.000000,16.000000,-89.907173,-1173.735473,1
12,1.182229,Series RC,1.105475,,4.52326356084e-07,1,1172.862792,166.516342,1.105475,7500,0.604441,0.000515,300,76.462341,1,1000.000000,25.000000,16.000000,-89.945991,-1172.862182,1
13,1.279914,Series RC,1.623597,,4.52102988651e-07,1,1173.442749,76.196075,1.623597,7500,0.604528,0.000515,300,-13.883220,1,1000.000000,25.000000,16.000000,-89.920722,-1173.441650,1
14,1.374732,Series RC,0.222216,,4.52123965395e-07,1,1173.387207,-173.555786,0.222216,7500,0.604603,0.000515,300,96.433357,1,1000.000000,25.000000,16.000000,-89.989151,-1173.387207,1
15,1.470270,Series RC,1.776074,,4.52031136588e-07,1,1173.629516,-11.006575,1.776074,7500,0.604607,0.000515,300,-101.093284,1,1000.000000,25.000000,16.000000,-89.913291,-1173.628173,1
16,1.563390,Series RC,1.446918,,4.52147719786e-07,1,1173.326416,-138.938537,1.446918,7500,0.604639,0.000515,300,130.990814,1,1000.000000,25.000000,16.000000,-89.929336,-1173.325561,1
17,1.657312,Series RC,0.213768,,4.52241161652e-07,1,1173.083129,-163.694992,0.213768,7500,0.604476,0.000515,300,106.294563,1,1000.000000,25.000000,16.000000,-89.989555,-1173.083129,1
18,1.751091,Series RC,0.299933,,4.52207421967e-07,1,1173.170654,-101.660369,0.299933,7500,0.604542,0.000515,300,168.324981,1,1000.000000,25.000000,16.000000,-89.985351,-1173.170654,1
19,1.844233,Series RC,2.060031,,4.52104916983e-07,1,1173.438476,-54.464134,2.060031,7500,0.604621,0.000515,300,-144.564727,1,1000.000000,25.000000,16.000000,-89.899414,-1173.436645,1
20,1.939088,Series RC,0.480801,,4.5230347756e-07,1,1172.921630,-75.036247,0.480801,7500,0.604598,0.000515,300,-165.059738,1,1000.000000,25.000000,16.000000,-89.976509,-1172.921508,1
21,2.032871,Series RC,1.642861,,4.5203701339e-07,1,1173.614135,90.723510,1.642861,7500,0.604552,0.000515,300,0.643317,1,1000.000000,25.000000,16.000000,-89.919792,-1173.612915,1
22,2.126644,Series RC,0.136303,,4.52215091931e-07,1,1173.150756,139.787033,0.136303,7500,0.604575,0.000515,300,49.780353,1,1000.000000,25.000000,16.000000,-89.993339,-1173.150756,1
23,2.222438,Series RC,0.039822,,4.52033299255e-07,1,1173.622558,-176.228561,0.039822,7500,0.604552,0.000515,300,93.769500,1,1000.000000,25.000000,16.000000,-89.998054,-1173.622558,1
24,2.318601,Series RC,2.409682,,4.52221350132e-07,1,1173.136962,90.281387,2.409682,7500,0.604543,0.000515,300,0.163684,1,1000.000000,25.000000,16.000000,-89.882301,-1173.134521,1
25,2.413380,Series RC,0.833993,,4.52152047372e-07,1,1173.314697,36.674373,0.833993,7500,0.604578,0.000515,300,-53.366352,1,1000.000000,25.000000,16.000000,-89.959266,-1173.314331,1
26,2.507725,Series RC,0.686453,,4.51860860822e-07,1,1174.070678,-165.543563,0.686453,7500,0.604640,0.000515,300,104.422943,1,1000.000000,25.000000,16.000000,-89.966499,-1174.070434,1
27,2.601244,Series RC,0.882323,,4.52328945422e-07,1,1172.855834,-56.803947,0.882323,7500,0.604617,0.000516,300,-146.847061,1,1000.000000,25.000000,16.000000,-89.956901,-1172.855468,1
28,2.694505,Series RC,1.594889,,4.51992962663e-07,1,1173.728393,-40.423427,1.594889,7500,0.604593,0.000515,300,-130.501281,1,1000.000000,25.000000,16.000000,-89.922142,-1173.727294,1
29,2.789326,Series RC,-0.369342,,4.52281919274e-07,1,1172.977416,-48.687530,-0.369342,7500,0.604446,0.000515,300,-138.669494,1,1000.000000,25.000000,16.000000,-90.018035,-1172.977416,1
30,2.883022,Series RC,-0.063973,,4.52141980756e-07,1,1173.340454,113.476364,-0.063973,7500,0.604648,0.000515,300,23.479484,1,1000.000000,25.000000,16.000000,-90.003120,-1173.340454,1
31,2.976611,Series RC,0.529398,,4.51877774432e-07,1,1174.026611,150.648284,0.529398,7500,0.604602,0.000515,300,60.622440,1,1000.000000,25.000000,16.000000,-89.974159,-1174.026489,1
32,3.071968,Series RC,1.942009,,4.51964994393e-07,1,1173.801513,176.736434,1.942009,7500,0.604617,0.000515,300,86.641632,1,1000.000000,25.000000,16.000000,-89.905197,-1173.799926,1
33,3.165868,Series RC,0.386509,,4.52035039033e-07,1,1173.618041,38.463695,0.386509,7500,0.604456,0.000515,300,-51.555175,1,1000.000000,25.000000,16.000000,-89.981124,-1173.618041,1
34,3.261479,Series RC,1.110567,,4.5207458378e-07,1,1173.515869,100.091651,1.110567,7500,0.604520,0.000515,300,10.037431,1,1000.000000,25.000000,16.000000,-89.945777,-1173.515380,1
35,3.359987,Series RC,0.425012,,4.52154070152e-07,1,1173.309204,-15.935407,0.425012,7500,0.604580,0.000515,300,-105.956169,1,1000.000000,25.000000,16.000000,-89.979240,-1173.309082,1
36,3.456357,Series RC,0.580016,,4.51913015538e-07,1,1173.935058,-165.154159,0.580016,7500,0.604557,0.000515,300,104.817543,1,1000.000000,25.000000,16.000000,-89.971694,-1173.934936,1
37,3.551798,Series RC,0.409933,,4.5212354232e-07,1,1173.388305,150.554306,0.409933,7500,0.604417,0.000515,300,60.534275,1,1000.000000,25.000000,16.000000,-89.979980,-1173.388305,1
38,3.645599,Series RC,1.661657,,4.51947651122e-07,1,1173.846191,19.163063,1.661657,7500,0.604596,0.000515,300,-70.918037,1,1000.000000,25.000000,16.000000,-89.918884,-1173.844970,1
39,3.739071,Series RC,0.286835,,4.52131491498e-07,1,1173.367797,67.191528,0.286835,7500,0.604528,0.000515,300,-22.822477,1,1000.000000,25.000000,16.000000,-89.985992,-1173.367675,1
40,3.834641,Series RC,0.532538,,4.52063579922e-07,1,1173.544067,79.221557,0.532538,7500,0.604514,0.000515,300,-10.804431,1,1000.000000,25.000000,16.000000,-89.973999,-1173.543945,1
41,3.928210,Series RC,0.346803,,4.52000343071e-07,1,1173.708129,-28.929525,0.346803,7500,0.604557,0.000515,300,-118.946456,1,1000.000000,25.000000,16.000000,-89.983070,-1173.708129,1
42,4.023802,Series RC,0.341740,,4.52034803698e-07,1,1173.618652,-14.571922,0.341740,7500,0.604474,0.000515,300,-104.588600,1,1000.000000,25.000000,16.000000,-89.983314,-1173.618652,1
43,4.117871,Series RC,1.041132,,4.51973830948e-07,1,1173.777465,-127.728240,1.041132,7500,0.604641,0.000515,300,142.220932,1,1000.000000,25.000000,16.000000,-89.949172,-1173.776977,1
44,4.211499,Series RC,0.296843,,4.52228173253e-07,1,1173.116943,-49.014328,0.296843,7500,0.604501,0.000515,300,-139.028823,1,1000.000000,25.000000,16.000000,-89.985496,-1173.116821,1
45,4.306664,Series RC,0.511083,,4.52231938008e-07,1,1173.107177,-19.256074,0.511083,7500,0.604512,0.000515,300,-109.281028,1,1000.000000,25.000000,16.000000,-89.975036,-1173.107055,1
46,4.399914,Series RC,0.356567,,4.52038235914e-07,1,1173.609863,-179.454925,0.356567,7500,0.604686,0.000515,300,90.527656,1,1000.000000,25.000000,16.000000,-89.982589,-1173.609741,1
47,4.493219,Series RC,-0.042160,,4.52072091349e-07,1,1173.521850,169.640701,-0.042160,7500,0.604460,0.000515,300,79.642761,1,1000.000000,25.000000,16.000000,-90.002059,-1173.521850,1
48,4.588621,Series RC,0.145311,,4.52035461943e-07,1,1173.616943,164.431533,0.145311,7500,0.604482,0.000515,300,74.424415,1,1000.000000,25.000000,16.000000,-89.992897,-1173.616943,1
49,4.682278,Series RC,0.614250,,4.52054833846e-07,1,1173.566772,35.817104,0.614250,7500,0.604549,0.000515,300,-54.212882,1,1000.000000,25.000000,16.000000,-89.970016,-1173.566650,1
50,4.776860,Series RC,1.678512,,4.51930544023e-07,1,1173.890625,62.617759,1.678512,7500,0.604481,0.000515,300,-27.464162,1,1000.000000,25.000000,16.000000,-89.918075,-1173.889404,1
51,4.873085,Series RC,0.517067,,4.52135677741e-07,1,1173.356933,-162.137847,0.517067,7500,0.604530,0.000515,300,107.836914,1,1000.000000,25.000000,16.000000,-89.974754,-1173.356811,1
52,4.966736,Series RC,0.538104,,4.52088879772e-07,1,1173.478393,150.898971,0.538104,7500,0.604548,0.000515,300,60.872684,1,1000.000000,25.000000,16.000000,-89.973724,-1173.478271,1
53,5.061655,Series RC,0.279381,,4.51970164442e-07,1,1173.786499,-174.193893,0.279381,7500,0.604711,0.000515,300,95.792449,1,1000.000000,25.000000,16.000000,-89.986358,-1173.786499,1
54,5.156026,Series RC,-0.042152,,4.52151765287e-07,1,1173.315063,-3.827586,-0.042152,7500,0.604539,0.000515,300,-93.825515,1,1000.000000,25.000000,16.000000,-90.002059,-1173.315063,1
55,5.249919,Series RC,0.388326,,4.5187500243e-07,1,1174.033691,108.190879,0.388326,7500,0.604522,0.000515,300,18.171937,1,1000.000000,25.000000,16.000000,-89.981048,-1174.033691,1
56,5.345340,Series RC,0.651333,,4.51951316877e-07,1,1173.835571,165.369842,0.651333,7500,0.604633,0.000515,300,75.338066,1,1000.000000,25.000000,16.000000,-89.968208,-1173.835449,1
57,5.439978,Series RC,1.949621,,4.52016985207e-07,1,1173.666503,31.225505,1.949621,7500,0.604761,0.000515,300,-58.869670,1,1000.000000,25.000000,16.000000,-89.904823,-1173.664916,1
58,5.534753,Series RC,-0.130044,,4.51967391307e-07,1,1173.793701,171.210128,-0.130044,7500,0.604785,0.000515,300,81.216453,1,1000.000000,25.000000,16.000000,-90.006340,-1173.793701,1
59,5.630467,Series RC,-0.139008,,4.51937452696e-07,1,1173.871459,-30.802478,-0.139008,7500,0.604620,0.000515,300,-120.795692,1,1000.000000,25.000000,16.000000,-90.006782,-1173.871459,1
60,5.723751,Series RC,1.100122,,4.52112630476e-07,1,1173.417236,-128.692550,1.100122,7500,0.604660,0.000515,300,141.253723,1,1000.000000,25.000000,16.000000,-89.946281,-1173.416625,1
61,5.818712,Series RC,0.593128,,4.52158915803e-07,1,1173.296630,-142.846084,0.593128,7500,0.604581,0.000515,300,127.124946,1,1000.000000,25.000000,16.000000,-89.971031,-1173.296508,1
62,5.914620,Series RC,0.266296,,4.51855786794e-07,1,1174.083740,40.693206,0.266296,7500,0.604623,0.000515,300,-49.319801,1,1000.000000,25.000000,16.000000,-89.986999,-1174.083618,1
63,6.008020,Series RC,0.462012,,4.52080932092e-07,1,1173.499023,-47.905876,0.462012,7500,0.604627,0.000515,300,-137.928421,1,1000.000000,25.000000,16.000000,-89.977447,-1173.498901,1
64,6.103723,Series RC,0.703358,,4.51969882583e-07,1,1173.787475,-44.058933,0.703358,7500,0.604698,0.000515,300,-134.093276,1,1000.000000,25.000000,16.000000,-89.965660,-1173.787231,1
65,6.197125,Series RC,0.480297,,4.51988026608e-07,1,1173.740234,-145.705169,0.480297,7500,0.604692,0.000515,300,124.271369,1,1000.000000,25.000000,16.000000,-89.976547,-1173.740112,1
66,6.292783,Series RC,1.706115,,4.52255091509e-07,1,1173.048217,-139.590164,1.706115,7500,0.604575,0.000515,300,130.326492,1,1000.000000,25.000000,16.000000,-89.916664,-1173.046997,1
67,6.388621,Series RC,-0.346018,,4.52062827604e-07,1,1173.546020,112.866012,-0.346018,7500,0.604647,0.000515,300,22.882904,1,1000.000000,25.000000,16.000000,-90.016891,-1173.545898,1
68,6.481972,Series RC,0.739487,,4.52123871378e-07,1,1173.387695,28.367097,0.739487,7500,0.604677,0.000515,300,-61.669013,1,1000.000000,25.000000,16.000000,-89.963890,-1173.387451,1
69,6.575406,Series RC,0.204012,,4.52167524855e-07,1,1173.274169,24.461610,0.204012,7500,0.604501,0.000515,300,-65.548362,1,1000.000000,25.000000,16.000000,-89.990036,-1173.274169,1
70,6.671231,Series RC,1.438708,,4.52178486368e-07,1,1173.246582,31.725078,1.438708,7500,0.604598,0.000515,300,-58.345188,1,1000.000000,25.000000,16.000000,-89.929740,-1173.245727,1
71,6.764786,Series RC,0.035062,,4.52079333344e-07,1,1173.503051,-48.392120,0.035062,7500,0.604541,0.000515,300,-138.393829,1,1000.000000,25.000000,16.000000,-89.998291,-1173.503051,1
72,6.858961,Series RC,-0.135009,,4.52208363256e-07,1,1173.168212,-34.209095,-0.135009,7500,0.604420,0.000515,300,-124.202507,1,1000.000000,25.000000,16.000000,-90.006584,-1173.168212,1
73,6.954424,Series RC,0.747384,,4.52085211785e-07,1,1173.488037,58.931171,0.747384,7500,0.604544,0.000515,300,-31.105319,1,1000.000000,25.000000,16.000000,-89.963500,-1173.487792,1
74,7.048157,Series RC,0.641010,,4.52125987924e-07,1,1173.382080,-73.684799,0.641010,7500,0.604670,0.000515,300,-163.716094,1,1000.000000,25.000000,16.000000,-89.968704,-1173.381958,1
75,7.143722,Series RC,0.145247,,4.52236032047e-07,1,1173.096435,-32.251731,0.145247,7500,0.604552,0.000515,300,-122.258827,1,1000.000000,25.000000,16.000000,-89.992897,-1173.096435,1
76,7.237316,Series RC,-0.021736,,4.52043314041e-07,1,1173.596557,-147.032958,-0.021736,7500,0.604645,0.000515,300,122.968093,1,1000.000000,25.000000,16.000000,-90.001060,-1173.596557,1
77,7.333031,Series RC,0.393992,,4.52118603412e-07,1,1173.401245,-123.428794,0.393992,7500,0.604581,0.000515,300,146.551971,1,1000.000000,25.000000,16.000000,-89.980758,-1173.401123,1
78,7.428264,Series RC,0.150855,,4.52192318705e-07,1,1173.209838,141.987258,0.150855,7500,0.604606,0.000515,300,51.979888,1,1000.000000,25.000000,16.000000,-89.992630,-1173.209838,1
79,7.521578,Series RC,0.604330,,4.51940601227e-07,1,1173.863403,-21.529453,0.604330,7500,0.604375,0.000515,300,-111.558944,1,1000.000000,25.000000,16.000000,-89.970497,-1173.863281,1
80,7.617546,Series RC,1.538639,,4.52075618128e-07,1,1173.513671,-24.043937,1.538639,7500,0.604528,0.000515,300,-114.119056,1,1000.000000,25.000000,16.000000,-89.924873,-1173.512695,1
81,7.713553,Series RC,0.324198,,4.51914472215e-07,1,1173.931274,-99.140098,0.324198,7500,0.604530,0.000515,300,170.844085,1,1000.000000,25.000000,16.000000,-89.984176,-1173.931152,1
82,7.807396,Series RC,0.916249,,4.52008099595e-07,1,1173.688354,-170.643722,0.916249,7500,0.604674,0.000515,300,99.311546,1,1000.000000,25.000000,16.000000,-89.955268,-1173.687988,1
83,7.903681,Series RC,0.292159,,4.52117756896e-07,1,1173.403442,-118.971626,0.292159,7500,0.604496,0.000515,300,151.014083,1,1000.000000,25.000000,16.000000,-89.985733,-1173.403320,1
84,8.004873,Series RC,0.198267,,4.51871901384e-07,1,1174.041748,-158.650970,0.198267,7500,0.604502,0.000515,300,111.339370,1,1000.000000,25.000000,16.000000,-89.990325,-1174.041748,1
85,8.098264,Series RC,0.816164,,4.52111078124e-07,1,1173.420898,-29.745738,0.816164,7500,0.604529,0.000515,300,-119.785591,1,1000.000000,25.000000,16.000000,-89.960144,-1173.420654,1
86,8.192448,Series RC,1.644774,,4.52126458399e-07,1,1173.381958,-25.871061,1.644774,7500,0.604600,0.000515,300,-115.951370,1,1000.000000,25.000000,16.000000,-89.919685,-1173.380737,1
87,8.287014,Series RC,-0.215669,,4.51988026608e-07,1,1173.740112,68.931098,-0.215669,7500,0.604458,0.000515,300,-21.058374,1,1000.000000,25.000000,16.000000,-90.010528,-1173.740112,1
88,8.381395,Series RC,0.428162,,4.52076605867e-07,1,1173.510131,-157.667694,0.428162,7500,0.604674,0.000515,300,112.311416,1,1000.000000,25.000000,16.000000,-89.979095,-1173.510131,1
89,8.474883,Series RC,0.540244,,4.52171053123e-07,1,1173.265136,-47.879394,0.540244,7500,0.604463,0.000515,300,-137.905776,1,1000.000000,25.000000,16.000000,-89.973617,-1173.265014,1
90,8.571395,Series RC,0.117856,,4.52162820454e-07,1,1173.286376,-33.641777,0.117856,7500,0.604502,0.000515,300,-123.647544,1,1000.000000,25.000000,16.000000,-89.994239,-1173.286376,1
91,8.667956,Series RC,-0.226195,,4.5220473997e-07,1,1173.177612,-46.720745,-0.226195,7500,0.604442,0.000515,300,-136.709701,1,1000.000000,25.000000,16.000000,-90.011047,-1173.177612,1
92,8.762585,Series RC,-0.028173,,4.52031089599e-07,1,1173.628295,-61.284606,-0.028173,7500,0.604427,0.000515,300,-151.283248,1,1000.000000,25.000000,16.000000,-90.001373,-1173.628295,1
93,8.857091,Series RC,0.864342,,4.52080414713e-07,1,1173.500610,79.545951,0.864342,7500,0.604547,0.000515,300,-10.496253,1,1000.000000,25.000000,16.000000,-89.957794,-1173.500244,1
94,8.950627,Series RC,0.687419,,4.51961751188e-07,1,1173.808593,-151.604080,0.687419,7500,0.604542,0.000515,300,118.362358,1,1000.000000,25.000000,16.000000,-89.966445,-1173.808349,1
95,9.044172,Series RC,0.083469,,4.52054786852e-07,1,1173.566772,-135.021774,0.083469,7500,0.604371,0.000515,300,134.974151,1,1000.000000,25.000000,16.000000,-89.995918,-1173.566772,1
96,9.139944,Series RC,1.923256,,4.52097062745e-07,1,1173.458618,-111.539306,1.923256,7500,0.604552,0.000515,300,158.366775,1,1000.000000,25.000000,16.000000,-89.906097,-1173.457031,1
97,9.233399,Series RC,0.155410,,4.51961939087e-07,1,1173.807861,158.443283,0.155410,7500,0.604590,0.000515,300,68.435699,1,1000.000000,25.000000,16.000000,-89.992416,-1173.807861,1
98,9.329517,Series RC,0.722680,,4.52137794397e-07,1,1173.351562,163.979888,0.722680,7500,0.604529,0.000515,300,73.944580,1,1000.000000,25.000000,16.000000,-89.964706,-1173.351318,1
99,9.426228,Series RC,1.641400,,4.52131115033e-07,1,1173.369873,104.589149,1.641400,7500,0.604539,0.000515,300,14.508979,1,1000.000000,25.000000,16.000000,-89.919853,-1173.368652,1
100,9.521755,Series RC,0.235934,,4.52104634957e-07,1,1173.437377,111.704101,0.235934,7500,0.604614,0.000515,300,21.692562,1,1000.000000,25.000000,16.000000,-89.988479,-1173.437377,1
