index,elapsed_s,model,series_r,series_l,series_c,current_pga,voltage_phase_deg,impedance_imag_ohm,dds_frequency_hz,voltage_pga,captured_cycles,voltage_amplitude_v,sample_rate_hz,shunt_range,impedance_real_ohm,shunt_resistance_ohm,current_phase_deg,current_amplitude_a,samples_per_period,phase_diff_deg,impedance_mag_ohm
1,0.106889,Series RL,0.570601,0.000110006601144,,0,-87.023170,34.559593,50000,0,20.000000,0.271372,1000000,0,0.570601,100.000000,3.922743,0.007851,20.000000,89.054092,34.564304
2,0.219959,Series RL,0.713546,0.000108839712115,,0,-63.825656,34.193004,50000,0,20.000000,0.268599,1000000,0,0.713546,100.000000,27.369832,0.007854,20.000000,88.804512,34.200450
3,0.332345,Series RL,0.308745,0.000108083595628,,0,13.380152,33.955463,50000,0,20.000000,0.266520,1000000,0,0.308745,100.000000,103.901115,0.007849,20.000000,89.479042,33.956867
4,0.446536,Series RL,0.395197,0.000109270359926,,0,71.788177,34.328296,50000,0,20.000000,0.269598,1000000,0,0.395197,100.000000,162.447753,0.007853,20.000000,89.340423,34.330570
5,0.561568,Series RL,0.371274,0.000108312641873,,0,-111.087928,34.027420,50000,0,20.000000,0.267244,1000000,0,0.371274,100.000000,-20.462799,0.007853,20.000000,89.374862,34.029445
6,0.675661,Series RL,0.320564,0.000108104919208,,0,-77.118072,33.962162,50000,0,20.000000,0.266678,1000000,0,0.320564,100.000000,13.422721,0.007852,20.000000,89.459213,33.963676
7,0.787949,Series RL,0.466664,0.000109325402072,,0,17.722324,34.345588,50000,0,20.000000,0.269664,1000000,0,0.466664,100.000000,108.500770,0.007851,20.000000,89.221542,34.348758
8,0.901122,Series RL,0.407362,0.00010910523349,,0,-162.746704,34.276420,50000,0,20.000000,0.269214,1000000,0,0.407362,100.000000,-72.065803,0.007854,20.000000,89.319091,34.278839
9,1.015624,Series RL,0.654998,0.000109988046861,,0,-157.967895,34.553764,50000,0,20.000000,0.271389,1000000,0,0.654998,100.000000,-66.881935,0.007853,20.000000,88.914039,34.559974
10,1.133226,Series RL,0.324362,0.000107995719818,,0,-23.227586,33.927856,50000,0,20.000000,0.266328,1000000,0,0.324362,100.000000,67.320167,0.007849,20.000000,89.452247,33.929409
11,1.247157,Series RL,0.659689,0.0001099266417,,0,-103.153121,34.534473,50000,0,20.000000,0.271232,1000000,0,0.659689,100.000000,-12.058767,0.007853,20.000000,88.905647,34.540775
12,1.361884,Series RL,0.433187,0.000108177786707,,0,154.826721,33.985054,50000,0,20.000000,0.266907,1000000,0,0.433187,100.000000,-114.443008,0.007853,20.000000,89.269729,33.987815
13,1.478119,Series RL,0.485476,0.000109563516965,,0,-53.168613,34.420394,50000,0,20.000000,0.270185,1000000,0,0.485476,100.000000,37.639450,0.007849,20.000000,89.191940,34.423816
14,1.593401,Series RL,0.290512,0.000108062138359,,0,121.170501,33.948722,50000,0,20.000000,0.266608,1000000,0,0.290512,100.000000,-148.339218,0.007853,20.000000,89.509712,33.949966
15,1.708566,Series RL,0.546552,0.000109980264184,,0,-141.669403,34.551319,50000,0,20.000000,0.271201,1000000,0,0.546552,100.000000,-50.763134,0.007848,20.000000,89.093734,34.555641
16,1.820909,Series RL,0.702897,0.00010985270468,,0,40.991168,34.511245,50000,0,20.000000,0.270995,1000000,0,0.702897,100.000000,132.157974,0.007851,20.000000,88.833206,34.518402
17,1.934215,Series RL,0.680780,0.000109413631206,,0,114.680976,34.373306,50000,0,20.000000,0.270005,1000000,0,0.680780,100.000000,-154.184371,0.007854,20.000000,88.865379,34.380046
18,2.046619,Series RL,0.681035,0.000109470519549,,0,96.767097,34.391178,50000,0,20.000000,0.270189,1000000,0,0.681035,100.000000,-172.098434,0.007855,20.000000,88.865531,34.397922
19,2.161103,Series RL,0.698412,0.000109531437695,,0,-83.647247,34.410316,50000,0,20.000000,0.270290,1000000,0,0.698412,100.000000,7.515503,0.007853,20.000000,88.837249,34.417404
20,2.285160,Series RL,0.529457,0.000109885064063,,0,74.124740,34.521411,50000,0,20.000000,0.271000,1000000,0,0.529457,100.000000,165.003417,0.007849,20.000000,89.121315,34.525470
21,2.401388,Series RL,0.638700,0.00010857085167,,0,-170.941619,34.108539,50000,0,20.000000,0.267944,1000000,0,0.638700,100.000000,-79.868843,0.007854,20.000000,88.927230,34.114521
22,2.515642,Series RL,0.451321,0.000109465697154,,0,-107.917572,34.389663,50000,0,20.000000,0.269962,1000000,0,0.451321,100.000000,-17.165678,0.007849,20.000000,89.248100,34.392623
23,2.631139,Series RL,0.586424,0.000108358453032,,0,-80.270561,34.041812,50000,0,20.000000,0.267380,1000000,0,0.586424,100.000000,10.716358,0.007853,20.000000,89.013084,34.046863
24,2.750895,Series RL,0.688409,0.000109419615432,,0,78.604522,34.375186,50000,0,20.000000,0.269991,1000000,0,0.688409,100.000000,169.751800,0.007853,20.000000,88.852722,34.382080
25,2.862978,Series RL,0.403196,0.000109119099069,,0,35.303050,34.280776,50000,0,20.000000,0.269024,1000000,0,0.403196,100.000000,125.976905,0.007847,20.000000,89.326133,34.283149
26,2.976760,Series RL,0.309109,0.000108186842623,,0,-22.033679,33.987899,50000,0,20.000000,0.266738,1000000,0,0.309109,100.000000,68.487396,0.007848,20.000000,89.478927,33.989307
27,3.112012,Series RL,0.458766,0.000109664373453,,0,18.871137,34.452079,50000,0,20.000000,0.270371,1000000,0,0.458766,100.000000,109.634048,0.007847,20.000000,89.237091,34.455135
28,3.225927,Series RL,0.506763,0.000109823977213,,0,-70.641937,34.502220,50000,0,20.000000,0.270785,1000000,0,0.506763,100.000000,20.199554,0.007848,20.000000,89.158508,34.505943
29,3.340360,Series RL,0.518148,0.000108178684341,,0,46.536228,33.985336,50000,0,20.000000,0.266952,1000000,0,0.518148,100.000000,137.409698,0.007854,20.000000,89.126525,33.989284
30,3.453961,Series RL,0.667101,0.000108672484833,,0,62.576202,34.140468,50000,0,20.000000,0.268224,1000000,0,0.667101,100.000000,153.695617,0.007855,20.000000,88.880584,34.146987
31,3.571739,Series RL,0.608451,0.000109958030238,,0,-176.448852,34.544334,50000,0,20.000000,0.271278,1000000,0,0.608451,100.000000,-85.439781,0.007852,20.000000,88.990913,34.549694
32,3.687714,Series RL,0.685808,0.000109279444491,,0,-154.676513,34.331150,50000,0,20.000000,0.269642,1000000,0,0.685808,100.000000,-63.532108,0.007853,20.000000,88.855598,34.337997
33,3.800184,Series RL,0.672108,0.000109649416071,,0,41.813327,34.447380,50000,0,20.000000,0.270558,1000000,0,0.672108,100.000000,132.931091,0.007853,20.000000,88.882232,34.453937
34,3.920528,Series RL,0.400547,0.000108943350631,,0,-109.278762,34.225563,50000,0,20.000000,0.268691,1000000,0,0.400547,100.000000,-18.608249,0.007850,20.000000,89.329490,34.227905
35,4.035344,Series RL,0.358647,0.000108059104866,,0,-168.413604,33.947769,50000,0,20.000000,0.266598,1000000,0,0.358647,100.000000,-77.808319,0.007853,20.000000,89.394706,33.949665
36,4.149213,Series RL,0.694865,0.000109573960713,,0,42.269104,34.423675,50000,0,20.000000,0.270314,1000000,0,0.694865,100.000000,133.425506,0.007851,20.000000,88.843597,34.430686
37,4.261755,Series RL,0.560593,0.000109889800514,,0,-52.106689,34.522899,50000,0,20.000000,0.270976,1000000,0,0.560593,100.000000,38.823619,0.007848,20.000000,89.069694,34.527450
38,4.374018,Series RL,0.366213,0.000108602011025,,0,-20.297534,34.118328,50000,0,20.000000,0.267956,1000000,0,0.366213,100.000000,70.317436,0.007853,20.000000,89.385032,34.120292
39,4.488216,Series RL,0.370989,0.000108245978234,,0,105.097969,34.006477,50000,0,20.000000,0.267061,1000000,0,0.370989,100.000000,-164.277023,0.007853,20.000000,89.374961,34.008499
40,4.605575,Series RL,0.428162,0.00010905196433,,0,-73.211181,34.259685,50000,0,20.000000,0.268974,1000000,0,0.428162,100.000000,17.504837,0.007850,20.000000,89.283981,34.262363
41,4.723174,Series RL,0.455133,0.000109361880385,,0,35.919467,34.357048,50000,0,20.000000,0.269719,1000000,0,0.455133,100.000000,126.678436,0.007850,20.000000,89.241035,34.360061
42,4.839240,Series RL,0.555894,0.000109950562688,,0,-51.887531,34.541988,50000,0,20.000000,0.271093,1000000,0,0.555894,100.000000,39.034473,0.007847,20.000000,89.078002,34.546459
43,4.953877,Series RL,0.399457,0.000109156245832,,0,125.300987,34.292446,50000,0,20.000000,0.269204,1000000,0,0.399457,100.000000,-144.031600,0.007850,20.000000,89.332618,34.294773
44,5.066217,Series RL,0.409180,0.000108120325406,,0,-6.777726,33.967002,50000,0,20.000000,0.266704,1000000,0,0.409180,100.000000,83.912452,0.007851,20.000000,89.309829,33.969467
45,5.180185,Series RL,0.358346,0.000108147913324,,0,-42.360599,33.975669,50000,0,20.000000,0.266783,1000000,0,0.358346,100.000000,48.243686,0.007852,20.000000,89.395706,33.977561
46,5.293872,Series RL,0.365648,0.000108451259463,,0,51.290821,34.070968,50000,0,20.000000,0.267515,1000000,0,0.365648,100.000000,141.905700,0.007851,20.000000,89.385131,34.072929
47,5.410888,Series RL,0.529345,0.000109772977603,,0,55.986816,34.486198,50000,0,20.000000,0.270630,1000000,0,0.529345,100.000000,146.866210,0.007847,20.000000,89.120605,34.490261
48,5.525001,Series RL,0.673932,0.000109815379663,,0,113.053245,34.499519,50000,0,20.000000,0.271037,1000000,0,0.673932,100.000000,-155.827651,0.007855,20.000000,88.880889,34.506099
49,5.640449,Series RL,0.448386,0.000109366941512,,0,71.991462,34.358638,50000,0,20.000000,0.269764,1000000,0,0.448386,100.000000,162.739135,0.007851,20.000000,89.252319,34.361564
50,5.752558,Series RL,0.289419,0.000108065162303,,0,120.227119,33.949672,50000,0,20.000000,0.266453,1000000,0,0.289419,100.000000,-149.284423,0.007848,20.000000,89.511566,33.950904
51,5.863804,Series RL,0.409277,0.000109039518414,,0,-55.204975,34.255775,50000,0,20.000000,0.268896,1000000,0,0.409277,100.000000,35.479545,0.007849,20.000000,89.315483,34.258220
52,5.974830,Series RL,0.351480,0.000107989563705,,0,12.465678,33.925922,50000,0,20.000000,0.266330,1000000,0,0.351480,100.000000,103.059249,0.007850,20.000000,89.406425,33.927742
53,6.086934,Series RL,0.652252,0.000108549079274,,0,-27.021926,34.101699,50000,0,20.000000,0.267828,1000000,0,0.652252,100.000000,64.073814,0.007852,20.000000,88.904258,34.107936
54,6.200460,Series RL,0.342451,0.000108155186705,,0,-4.743871,33.977954,50000,0,20.000000,0.266699,1000000,0,0.342451,100.000000,85.833564,0.007849,20.000000,89.422561,33.979682
55,6.320828,Series RL,0.439562,0.000109417832897,,0,-107.941680,34.374626,50000,0,20.000000,0.269851,1000000,0,0.439562,100.000000,-17.209051,0.007850,20.000000,89.267379,34.377437
56,6.439168,Series RL,0.667350,0.000108795428844,,0,-9.844667,34.179092,50000,0,20.000000,0.268388,1000000,0,0.667350,100.000000,81.273902,0.007851,20.000000,88.881439,34.185604
57,6.557846,Series RL,0.295577,0.000108070178867,,0,66.149192,33.951248,50000,0,20.000000,0.266555,1000000,0,0.295577,100.000000,156.647994,0.007851,20.000000,89.501190,33.952533
58,6.672644,Series RL,0.581934,0.000109975562747,,0,128.865936,34.549842,50000,0,20.000000,0.271232,1000000,0,0.581934,100.000000,-140.169082,0.007849,20.000000,89.035034,34.554744
59,6.786408,Series RL,0.655169,0.00010987637102,,0,3.474338,34.518680,50000,0,20.000000,0.271043,1000000,0,0.655169,100.000000,94.561683,0.007851,20.000000,88.912651,34.524898
60,6.899787,Series RL,0.419326,0.000109176121102,,0,-0.659367,34.298690,50000,0,20.000000,0.269262,1000000,0,0.419326,100.000000,90.041084,0.007850,20.000000,89.299552,34.301254
61,7.013709,Series RL,0.596824,0.000110025104498,,0,-87.152679,34.565406,50000,0,20.000000,0.271316,1000000,0,0.596824,100.000000,3.836526,0.007848,20.000000,89.010795,34.570560
62,7.131672,Series RL,0.693306,0.000109693651596,,0,113.650146,34.461277,50000,0,20.000000,0.270649,1000000,0,0.693306,100.000000,-155.197326,0.007852,20.000000,88.847457,34.468250
63,7.247327,Series RL,0.417684,0.000108862079751,,0,-55.451129,34.200031,50000,0,20.000000,0.268431,1000000,0,0.417684,100.000000,35.248592,0.007848,20.000000,89.300277,34.202579
64,7.364011,Series RL,0.316307,0.000108114048335,,0,-22.053199,33.965030,50000,0,20.000000,0.266538,1000000,0,0.316307,100.000000,68.480369,0.007847,20.000000,89.466438,33.966503
65,7.476331,Series RL,0.455097,0.000108201061526,,0,-115.262542,33.992366,50000,0,20.000000,0.266840,1000000,0,0.455097,100.000000,-24.495492,0.007849,20.000000,89.232955,33.995414
66,7.590604,Series RL,0.669530,0.000108715784527,,0,134.468719,34.154071,50000,0,20.000000,0.268311,1000000,0,0.669530,100.000000,-134.408233,0.007854,20.000000,88.876960,34.160633
67,7.704158,Series RL,0.378222,0.000108310089028,,0,-111.074844,34.026618,50000,0,20.000000,0.267173,1000000,0,0.378222,100.000000,-20.437999,0.007851,20.000000,89.363159,34.028720
68,7.817708,Series RL,0.428320,0.000109486024424,,0,144.510498,34.396049,50000,0,20.000000,0.269987,1000000,0,0.428320,100.000000,-124.776031,0.007849,20.000000,89.286552,34.398715
69,7.933256,Series RL,0.623519,0.000108497099269,,0,-26.860708,34.085369,50000,0,20.000000,0.267744,1000000,0,0.623519,100.000000,64.187278,0.007854,20.000000,88.952011,34.091072
70,8.047868,Series RL,0.363329,0.000108331679988,,0,158.993148,34.033401,50000,0,20.000000,0.267285,1000000,0,0.363329,100.000000,-110.395164,0.007853,20.000000,89.388343,34.035339
71,8.161132,Series RL,0.338720,0.000108094669629,,0,-75.732635,33.958942,50000,0,20.000000,0.266596,1000000,0,0.338720,100.000000,14.838839,0.007850,20.000000,89.428520,33.960632
72,8.280163,Series RL,0.473116,0.000109618088012,,0,90.847389,34.437538,50000,0,20.000000,0.270368,1000000,0,0.473116,100.000000,-178.365509,0.007850,20.000000,89.212898,34.440788
73,8.395813,Series RL,0.613162,0.000110021329342,,0,-159.234970,34.564220,50000,0,20.000000,0.271406,1000000,0,0.613162,100.000000,-68.218658,0.007851,20.000000,88.983688,34.569660
74,8.509243,Series RL,0.324736,0.000108137580985,,0,122.169403,33.972423,50000,0,20.000000,0.266692,1000000,0,0.324736,100.000000,-147.282928,0.007850,20.000000,89.452331,33.973976
75,8.622825,Series RL,0.323163,0.000108425371319,,0,105.071166,34.062835,50000,0,20.000000,0.267512,1000000,0,0.323163,100.000000,-164.385253,0.007853,20.000000,89.456428,34.064369
76,8.736675,Series RL,0.501123,0.000109822178762,,0,-160.550140,34.501655,50000,0,20.000000,0.270845,1000000,0,0.501123,100.000000,-69.718009,0.007849,20.000000,89.167854,34.505294
77,8.854136,Series RL,0.682014,0.000109050605147,,0,-82.338279,34.259258,50000,0,20.000000,0.268992,1000000,0,0.682014,100.000000,8.802189,0.007850,20.000000,88.859535,34.266044
78,8.968554,Series RL,0.646271,0.000109995221565,,0,-32.690990,34.556018,50000,0,20.000000,0.271338,1000000,0,0.646271,100.000000,58.380439,0.007851,20.000000,88.928573,34.562061
79,9.081617,Series RL,0.458252,0.000109298784999,,0,-18.044691,34.337226,50000,0,20.000000,0.269499,1000000,0,0.458252,100.000000,72.719917,0.007848,20.000000,89.235397,34.340282
80,9.198171,Series RL,0.659612,0.000109946736604,,0,57.763343,34.540786,50000,0,20.000000,0.271329,1000000,0,0.659612,100.000000,148.857376,0.007854,20.000000,88.905975,34.547084
81,9.312231,Series RL,0.319609,0.000108050153992,,0,85.178863,33.944957,50000,0,20.000000,0.266519,1000000,0,0.319609,100.000000,175.718322,0.007851,20.000000,89.460540,33.946460
82,9.425763,Series RL,0.519928,0.000108276090349,,0,-133.738616,34.015937,50000,0,20.000000,0.267202,1000000,0,0.519928,100.000000,-42.862930,0.007854,20.000000,89.124305,34.019912
83,9.539032,Series RL,0.669810,0.000109770256053,,0,-174.007080,34.485343,50000,0,20.000000,0.270921,1000000,0,0.669810,100.000000,-82.894363,0.007855,20.000000,88.887275,34.491847
84,9.652679,Series RL,0.380214,0.000108844142989,,0,-19.323772,34.194396,50000,0,20.000000,0.268529,1000000,0,0.380214,100.000000,71.313285,0.007853,20.000000,89.362945,34.196510
85,9.763921,Series RL,0.472227,0.000109543361583,,0,36.509014,34.414062,50000,0,20.000000,0.270141,1000000,0,0.472227,100.000000,127.295181,0.007849,20.000000,89.213844,34.417301
86,9.882271,Series RL,0.666959,0.000109756610109,,0,95.425292,34.481056,50000,0,20.000000,0.270793,1000000,0,0.666959,100.000000,-173.466598,0.007852,20.000000,88.891876,34.487506
87,9.999781,Series RL,0.308711,0.000108017673651,,0,156.874053,33.934753,50000,0,20.000000,0.266424,1000000,0,0.308711,100.000000,-112.604713,0.007851,20.000000,89.478782,33.936157
88,10.115225,Series RL,0.647641,0.000108591446319,,0,170.853332,34.115009,50000,0,20.000000,0.267892,1000000,0,0.647641,100.000000,-98.059074,0.007851,20.000000,88.912422,34.121154
89,10.229092,Series RL,0.648545,0.000108507918622,,0,-80.964805,34.088768,50000,0,20.000000,0.267777,1000000,0,0.648545,100.000000,10.125129,0.007854,20.000000,88.910064,34.094936
90,10.342898,Series RL,0.595223,0.00010829848345,,0,-26.441911,34.022972,50000,0,20.000000,0.267289,1000000,0,0.595223,100.000000,64.560371,0.007855,20.000000,88.997726,34.028179
91,10.456528,Series RL,0.667638,0.000108583077953,,0,-63.320430,34.112380,50000,0,20.000000,0.267995,1000000,0,0.667638,100.000000,27.800804,0.007855,20.000000,88.878768,34.118915
92,10.571791,Series RL,0.459870,0.00010954073871,,0,0.405645,34.413238,50000,0,20.000000,0.270160,1000000,0,0.459870,100.000000,91.171249,0.007850,20.000000,89.234390,34.416309
93,10.692065,Series RL,0.680147,0.000108789199519,,0,26.168737,34.177135,50000,0,20.000000,0.268432,1000000,0,0.680147,100.000000,117.308807,0.007853,20.000000,88.859924,34.183902
94,10.812533,Series RL,0.506539,0.000108237816768,,0,-169.499389,34.003913,50000,0,20.000000,0.267073,1000000,0,0.506539,100.000000,-78.645942,0.007853,20.000000,89.146553,34.007686
95,10.930497,Series RL,0.662139,0.000109934010574,,0,166.797821,34.536788,50000,0,20.000000,0.271301,1000000,0,0.662139,100.000000,-102.103851,0.007854,20.000000,88.901664,34.543136
96,11.044371,Series RL,0.454886,0.000109369491174,,0,-54.090618,34.359439,50000,0,20.000000,0.269806,1000000,0,0.454886,100.000000,36.667884,0.007852,20.000000,89.241500,34.362449
97,11.158707,Series RL,0.622666,0.000109893139585,,0,-157.845306,34.523948,50000,0,20.000000,0.271070,1000000,0,0.622666,100.000000,-66.812034,0.007850,20.000000,88.966735,34.529563
98,11.272672,Series RL,0.598058,0.000109936076405,,0,56.336147,34.537437,50000,0,20.000000,0.271180,1000000,0,0.598058,100.000000,147.328201,0.007851,20.000000,89.007949,34.542613
99,11.386534,Series RL,0.535641,0.000109956123562,,0,56.054515,34.543735,50000,0,20.000000,0.271182,1000000,0,0.535641,100.000000,146.942886,0.007849,20.000000,89.111633,34.547885
100,11.500573,Series RL,0.385850,0.000109134158309,,0,17.429384,34.285507,50000,0,20.000000,0.269171,1000000,0,0.385850,100.000000,108.074165,0.007850,20.000000,89.355216,34.287677
