﻿Designator,Quantity,Value,Footprint,Package,MPN,DNP,Mount_Type,Description,MF,Description_1,Price,Check_prices,VALUE,SnapEDA_Link,PROD_ID,Availability,MP,MAXIMUM_PACKAGE_HEIGHT,STANDARD,PARTREV,MANUFACTURER,OC_FARNELL,SUPPLIER,OC_NEWARK,Sim.Library,Sim.Name,Sim.Device,Sim.Pins
"C1, C2, C6, C8, C9",5,4.7u,C_0805_2012Metric_Pad1.18x1.45mm_HandSolder,,,,smt,Unpolarized capacitor,,,,,,,,,,,,,,,,,,,,
"C10, C13, C15, C17, C18, C20, C21, C22, C23, C25, C26, C27, C28, C29, C30, C31, C32, C33, C34, C35, C36, C37, C38, C41, C44, C45, C46, C48, C50, C7",30,1u,C_0603_1608Metric_Pad1.08x0.95mm_HandSolder,,,,smt,Unpolarized capacitor,,,,,,,,,,,,,,,,,,,,
"C11, C12, C51",3,470u,CP_Radial_D8.0mm_P3.80mm,,,,tht,Polarized capacitor,,,,,,,,,,,,,,,,,,,,
"C14, C19, C4, C47, C49, C5",6,100n,C_0603_1608Metric_Pad1.08x0.95mm_HandSolder,,,,smt,Unpolarized capacitor,,,,,,,,,,,,,,,,,,,,
C16,1,10n,C_0603_1608Metric_Pad1.08x0.95mm_HandSolder,,,,smt,Unpolarized capacitor,,,,,,,,,,,,,,,,,,,,
C3,1,1u,R_0603_1608Metric_Pad0.98x0.95mm_HandSolder,,,,smt,Unpolarized capacitor,,,,,,,,,,,,,,,,,,,,
"C39, C40, C42, C43",4,330n,C_0603_1608Metric_Pad1.08x0.95mm_HandSolder,,,,smt,Unpolarized capacitor,,,,,,,,,,,,,,,,,,,,
D1,1,LED,LED_miniPLCC_2315_Handsoldering,,,,smt,Light emitting diode,,,,,,,,,,,,,,,,,,,,
"D10, D11, D12, D13, D14, D15, D16, D17, D18, D20, D7, D8, D9",13,LED,LED_miniPLCC_2315,,,,smt,Light emitting diode,,,,,,,,,,,,,,,,,,,,
"D19, D21, D22, D23",4,WS2812B,LED_WS2812B_PLCC4_5.0x5.0mm_P3.2mm,,,,smt,RGB LED with integrated controller,,,,,,,,,,,,,,,,,,,,
D2,1,D_Schottky,D_MiniMELF,,,,smt,Schottky diode,,,,,,,,,,,,,,,,,,,,
"D3, D4, D5, D6",4,SS14,D_SMA,,,,smt,"40V 1A Schottky Diode, SMA",,,,,,,,,,,,,,,,,,,,
"J1, J2, J3, J4",4,Conn_Coaxial,BNC_Amphenol_B6252HB-NPP3G-50_Horizontal,,,,tht,"coaxial connector (BNC, SMA, SMB, SMC, Cinch/RCA, LEMO, ...)",,,,,,,,,,,,,,,,,,,,
J5,1,USB_C_Receptacle_USB2.0_16P,USB_C_Receptacle_GCT_USB4105-xx-A_16P_TopMnt_Horizontal,,,,smt,USB 2.0-only 16P Type-C Receptacle connector,,,,,,,,,,,,,,,,,,,,
J6,1,IDC 2x5,IDC-Header_2x05_P2.54mm_Vertical,,,,tht,"Generic connector, double row, 02x05, counter clockwise pin numbering scheme (similar to DIP package numbering), script generated (kicad-library-utils/schlib/autogen/connector/)",,,,,,,,,,,,,,,,,,,,
K1,1,Relay_DPDT,Relay_CIT-J104D,,,,tht,"Relay DPDT, monostable, EN50005",,,,,,,,,,,,,,,,,,,,
"Q1, Q2, Q3",3,NX3008NBK,SOT-323_SC-70_Handsoldering,,,,smt,"N-MOSFET transistor, gate/source/drain",,,,,,,,,,,,,,,,,,,,
"R1, R19, R22, R40, R42, R45, R46, R47, R48, R49, R6, R7, R8",13,1k,R_0603_1608Metric_Pad0.98x0.95mm_HandSolder,,,,smt,Resistor,,,,,,,,,,,,,,,,,,,,
"R10, R12, R13, R14, R18, R23, R35, R36, R37, R38",10,10k,R_0603_1608Metric_Pad0.98x0.95mm_HandSolder,,,,smt,Resistor,,,,,,,,,,,,,,,,,,,,
R11,1,33k,R_0603_1608Metric_Pad0.98x0.95mm_HandSolder,,,,smt,Resistor,,,,,,,,,,,,,,,,,,,,
"R15, R17, R24, R27, R33, R39, R41, R9",8,100k,R_0603_1608Metric_Pad0.98x0.95mm_HandSolder,,,,smt,Resistor,,,,,,,,,,,,,,,,,,,,
"R16, R21",2,100R,R_0603_1608Metric_Pad0.98x0.95mm_HandSolder,,,,smt,Resistor,,,,,,,,,,,,,,,,,,,,
"R2, R43, R44, R5",4,4k7,R_0603_1608Metric_Pad0.98x0.95mm_HandSolder,,,,smt,Resistor,,,,,,,,,,,,,,,,,,,,
"R25, R29, R30, R31",4,0R,R_0603_1608Metric_Pad0.98x0.95mm_HandSolder,,,,smt,Resistor,,,,,,,,,,,,,,,,,,,,
"R26, R32",2,200k,R_0603_1608Metric_Pad0.98x0.95mm_HandSolder,,,,smt,Resistor,,,,,,,,,,,,,,,,,,,,
"R28, R34",2,22k,R_0603_1608Metric_Pad0.98x0.95mm_HandSolder,,,,smt,Resistor,,,,,,,,,,,,,,,,,,,,
"R3, R4",2,1k5,R_0603_1608Metric_Pad0.98x0.95mm_HandSolder,,,,smt,Resistor,,,,,,,,,,,,,,,,,,,,
"SW1, SW2, SW3",3,SW_SPST,SW-SMD_L6.1-W3.7-LS7.9,,,,tht,Single Pole Single Throw (SPST) switch,,,,,,,,,,,,,,,,,,,,
U1,1,AD9837,AD9837_AD9837,LFCSP-10 Analog Devices,,,smt,,Analog Devices,"
                        
                            Direct Digital Synthesis IC 10 b 5 MHz 28 b Tuning 10-LFCSP-WD (3x3)
                        
",None,https://www.snapeda.com/parts/AD9837/Analog+Devices/view-part/?ref=eda,AD9837BCPZ,https://www.snapeda.com/parts/AD9837/Analog+Devices/view-part/?ref=snap,IC-11223,In Stock,AD9837,,,,,,,,,,,
U10,1,ESP32-S2-SOLO-N4,ESP32-S2-SOLO-N4_XCVR_ESP32-S2-SOLO-N4,None,,,smt,,Espressif Systems,"
WiFi 802.11b/g/n Transceiver Module 2.4GHz PCB Trace + IPEX Surface Mount
",None,https://www.snapeda.com/parts/ESP32-S2-SOLO-N4/Espressif+Systems/view-part/?ref=eda,,https://www.snapeda.com/parts/ESP32-S2-SOLO-N4/Espressif+Systems/view-part/?ref=snap,,In Stock,ESP32-S2-SOLO-N4,3.25 mm,Manufacturer Recommendations,1.6,Espressif Systems,,,,,,,
U12,1,TL074,TSSOP-14_4.4x5mm_P0.65mm,,,,smt,"Quad Low-Noise JFET-Input Operational Amplifiers, DIP-14/SOIC-14",,,,,,,,,,,,,,,,,,,,
U13,1,MCP4561-502E_MS,MCP4561-502E_MS_SOP65P490X110-8N,SOP-8,MCP4561-502E/MS,,smt,,Microchip,"
                        
                            MCP4561-502E/MS,Digital Potentiometer 5kOhm 257-Pos Linear Serial-I2C 8-Pin MSOP | Microchip Technology Inc. MCP4561-502E/MS
                        
",None,https://www.snapeda.com/parts/MCP4561-502E/MS/Microchip/view-part/?ref=eda,,https://www.snapeda.com/parts/MCP4561-502E/MS/Microchip/view-part/?ref=snap,,In Stock,MCP4561-502E/MS,,,,,1698948,Microchip,77M2912,,,,
"U14, U16, U18, U20, U23",5,CD74HC4052,TSSOP-16_4.4x5mm_P0.65mm,,,,smt,,,,,,,,,,,,,,,,,,,,,
"U17, U21",2,INA823,SOIC-8_3.9x4.9mm_P1.27mm,,,,smt,instrument. amp,,,,,,,,,,,,,,,,,,,,
U19,1,74LVC1G02,SOT-23-5_HandSoldering,,,,smt,"Single NOR Gate, Low-Voltage CMOS",,,,,,,,,,,,,,,,,,,,
"U2, U5",2,TLV9154,SOIC-14_3.9x8.7mm_P1.27mm,,,,smt,Quad operational amplifier,,,,,,,,,,,,,,,,,${KICAD7_SYMBOL_DIR}/Simulation_SPICE.sp,kicad_builtin_opamp_quad,SUBCKT,1=out1 2=in1- 3=in1+ 4=vcc 5=in2+ 6=in2- 7=out2 8=out3 9=in3- 10=in3+ 11=vee 12=in4+ 13=in4- 14=out4
U22,1,~,AD9833_Module,,,,tht,,,,,,,,,,,,,,,,,,,,,
U3,1,ADS1115IDGS,TSSOP-10_3x3mm_P0.5mm,,,,smt,"Ultra-Small, Low-Power, I2C-Compatible, 860-SPS, 16-Bit ADCs With Internal Reference, Oscillator, and Programmable Comparator, VSSOP-10",,,,,,,,,,,,,,,,,,,,
U4,1,LM393,SOIC-8_3.9x4.9mm_P1.27mm,,,,smt,"Low-Power, Low-Offset Voltage, Dual Comparators, DIP-8/SOIC-8/TO-99-8",,,,,,,,,,,,,,,,,,,,
U7,1,TDC7200PWR,TDC7200PWR_SOP65P640X120-14N,TSSOP-14 Texas Instruments,,,smt,,Texas Instruments,"
                        
                            Time-to-digital converter for time-of-flight (ToF) applications for LIDAR and ultrasonic
                        
",None,https://www.snapeda.com/parts/TDC7200PWR/Texas+Instruments/view-part/?ref=eda,,https://www.snapeda.com/parts/TDC7200PWR/Texas+Instruments/view-part/?ref=snap,,In Stock,TDC7200PWR,1.2 mm,IPC 7351B,D,Texas Instruments,,,,,,,
U8,1,LM27762,WSON-12-1EP_3x2mm_P0.5mm_EP1x2.65_ThermalVias,,,,smt,"Low-noise inverting charge pump with both positive and negative LDO's, with 2.7V-5.5V input to +1.5 to +5V and -1.5 to -5V Output Voltage, WSON-12",,,,,,,,,,,,,,,,,,,,
U9,1,HT75xx-1-SOT89,SOT-89-3_Handsoldering,,,,smt,"100mA Low Dropout Voltage Regulator, Fixed Output, SOT89",,,,,,,,,,,,,,,,,,,,
"X1, X2",2,SG-210STF,Oscillator_SMD_SeikoEpson_SG210-4Pin_2.5x2.0mm,,,,smt,CMOS Crystal Oscillator SPXO,,,,,,,,,,,,,,,,,,,,
