﻿pos_x,pos_y,rotation,side,designator,mpn,pack,footprint,value,mount_type
101.4,-59.7,180.0,bottom,C1,,,C_0805_2012Metric_Pad1.18x1.45mm_HandSolder,4.7u,smt
72.6,-51.2,0.0,bottom,C10,,,C_0603_1608Metric_Pad1.08x0.95mm_HandSolder,1u,smt
98.997349,-66.4,0.0,top,C11,,,CP_Radial_D8.0mm_P3.80mm,470u,tht
107.797349,-66.4,0.0,top,C12,,,CP_Radial_D8.0mm_P3.80mm,470u,tht
141.6375,-99.0,0.0,bottom,C13,,,C_0603_1608Metric_Pad1.08x0.95mm_HandSolder,1u,smt
147.75,-98.74,180.0,bottom,C14,,,C_0603_1608Metric_Pad1.08x0.95mm_HandSolder,100n,smt
147.75,-100.25,180.0,bottom,C15,,,C_0603_1608Metric_Pad1.08x0.95mm_HandSolder,1u,smt
141.6375,-100.5,0.0,bottom,C16,,,C_0603_1608Metric_Pad1.08x0.95mm_HandSolder,10n,smt
141.0,-107.8,0.0,bottom,C17,,,C_0603_1608Metric_Pad1.08x0.95mm_HandSolder,1u,smt
148.7375,-107.8,180.0,bottom,C18,,,C_0603_1608Metric_Pad1.08x0.95mm_HandSolder,1u,smt
137.8,-105.6,90.0,bottom,C19,,,C_0603_1608Metric_Pad1.08x0.95mm_HandSolder,100n,smt
97.4,-54.0,180.0,bottom,C2,,,C_0805_2012Metric_Pad1.18x1.45mm_HandSolder,4.7u,smt
136.0,-101.8,0.0,bottom,C20,,,C_0603_1608Metric_Pad1.08x0.95mm_HandSolder,1u,smt
148.8,-106.2,180.0,bottom,C21,,,C_0603_1608Metric_Pad1.08x0.95mm_HandSolder,1u,smt
123.0,-114.2,90.0,bottom,C22,,,C_0603_1608Metric_Pad1.08x0.95mm_HandSolder,1u,smt
127.4,-112.6,-90.0,bottom,C23,,,C_0603_1608Metric_Pad1.08x0.95mm_HandSolder,1u,smt
111.6,-109.6,180.0,bottom,C25,,,C_0603_1608Metric_Pad1.08x0.95mm_HandSolder,1u,smt
118.0,-114.2,90.0,bottom,C26,,,C_0603_1608Metric_Pad1.08x0.95mm_HandSolder,1u,smt
-36.082978,-157.45,180.0,bottom,C27,,,C_0603_1608Metric_Pad1.08x0.95mm_HandSolder,1u,smt
-36.082978,-159.96,180.0,bottom,C28,,,C_0603_1608Metric_Pad1.08x0.95mm_HandSolder,1u,smt
-36.082978,-162.47,180.0,bottom,C29,,,C_0603_1608Metric_Pad1.08x0.95mm_HandSolder,1u,smt
108.2,-60.4,-90.0,bottom,C3,,,R_0603_1608Metric_Pad0.98x0.95mm_HandSolder,1u,smt
-36.082978,-164.98,180.0,bottom,C30,,,C_0603_1608Metric_Pad1.08x0.95mm_HandSolder,1u,smt
-36.082978,-167.49,180.0,bottom,C31,,,C_0603_1608Metric_Pad1.08x0.95mm_HandSolder,1u,smt
-36.082978,-170.0,180.0,bottom,C32,,,C_0603_1608Metric_Pad1.08x0.95mm_HandSolder,1u,smt
115.4,-115.8,180.0,bottom,C33,,,C_0603_1608Metric_Pad1.08x0.95mm_HandSolder,1u,smt
135.2,-110.8,90.0,bottom,C34,,,C_0603_1608Metric_Pad1.08x0.95mm_HandSolder,1u,smt
-40.432978,-149.92,180.0,bottom,C35,,,C_0603_1608Metric_Pad1.08x0.95mm_HandSolder,1u,smt
-40.432978,-152.43,180.0,bottom,C36,,,C_0603_1608Metric_Pad1.08x0.95mm_HandSolder,1u,smt
-40.432978,-154.94,180.0,bottom,C37,,,C_0603_1608Metric_Pad1.08x0.95mm_HandSolder,1u,smt
-40.432978,-157.45,180.0,bottom,C38,,,C_0603_1608Metric_Pad1.08x0.95mm_HandSolder,1u,smt
-40.432978,-159.96,180.0,bottom,C39,,,C_0603_1608Metric_Pad1.08x0.95mm_HandSolder,330n,smt
97.2,-52.2,180.0,bottom,C4,,,C_0603_1608Metric_Pad1.08x0.95mm_HandSolder,100n,smt
-40.432978,-162.47,180.0,bottom,C40,,,C_0603_1608Metric_Pad1.08x0.95mm_HandSolder,330n,smt
-40.432978,-164.98,180.0,bottom,C41,,,C_0603_1608Metric_Pad1.08x0.95mm_HandSolder,1u,smt
-40.432978,-167.49,180.0,bottom,C42,,,C_0603_1608Metric_Pad1.08x0.95mm_HandSolder,330n,smt
-40.432978,-170.0,180.0,bottom,C43,,,C_0603_1608Metric_Pad1.08x0.95mm_HandSolder,330n,smt
-40.432978,-172.51,180.0,bottom,C44,,,C_0603_1608Metric_Pad1.08x0.95mm_HandSolder,1u,smt
-44.782978,-147.41,180.0,bottom,C45,,,C_0603_1608Metric_Pad1.08x0.95mm_HandSolder,1u,smt
62.07,-118.55,180.0,bottom,C46,,,C_0603_1608Metric_Pad1.08x0.95mm_HandSolder,1u,smt
69.6,-105.88,180.0,bottom,C47,,,C_0603_1608Metric_Pad1.08x0.95mm_HandSolder,100n,smt
-44.782978,-154.94,180.0,bottom,C48,,,C_0603_1608Metric_Pad1.08x0.95mm_HandSolder,1u,smt
69.6,-110.9,180.0,bottom,C49,,,C_0603_1608Metric_Pad1.08x0.95mm_HandSolder,100n,smt
97.2,-60.0,180.0,bottom,C5,,,C_0603_1608Metric_Pad1.08x0.95mm_HandSolder,100n,smt
-44.782978,-159.96,180.0,bottom,C50,,,C_0603_1608Metric_Pad1.08x0.95mm_HandSolder,1u,smt
110.8,-53.802651,90.0,top,C51,,,CP_Radial_D8.0mm_P3.80mm,470u,tht
101.4,-61.8,180.0,bottom,C6,,,C_0805_2012Metric_Pad1.18x1.45mm_HandSolder,4.7u,smt
97.2,-61.6,180.0,bottom,C7,,,C_0603_1608Metric_Pad1.08x0.95mm_HandSolder,1u,smt
101.4,-63.8,180.0,bottom,C8,,,C_0805_2012Metric_Pad1.18x1.45mm_HandSolder,4.7u,smt
110.0,-60.2,-90.0,bottom,C9,,,C_0805_2012Metric_Pad1.18x1.45mm_HandSolder,4.7u,smt
104.8,-55.0,0.0,top,D1,,,LED_miniPLCC_2315_Handsoldering,LED,smt
124.8625,-78.375,180.0,top,D10,,,LED_miniPLCC_2315,LED,smt
-60.242,-111.8,0.0,top,D11,,,LED_miniPLCC_2315,LED,smt
-60.242,-114.75,0.0,top,D12,,,LED_miniPLCC_2315,LED,smt
-60.242,-117.7,0.0,top,D13,,,LED_miniPLCC_2315,LED,smt
-60.242,-120.65,0.0,top,D14,,,LED_miniPLCC_2315,LED,smt
-55.892,-111.8,0.0,top,D15,,,LED_miniPLCC_2315,LED,smt
-55.892,-114.75,0.0,top,D16,,,LED_miniPLCC_2315,LED,smt
-55.892,-117.7,0.0,top,D17,,,LED_miniPLCC_2315,LED,smt
-55.892,-120.65,0.0,top,D18,,,LED_miniPLCC_2315,LED,smt
62.05,-54.45,0.0,top,D19,,,LED_WS2812B_PLCC4_5.0x5.0mm_P3.2mm,WS2812B,smt
129.6,-103.8,90.0,top,D2,,,D_MiniMELF,D_Schottky,smt
85.2,-70.2,0.0,top,D20,,,LED_miniPLCC_2315,LED,smt
62.05,-60.0,0.0,top,D21,,,LED_WS2812B_PLCC4_5.0x5.0mm_P3.2mm,WS2812B,smt
62.05,-65.55,0.0,top,D22,,,LED_WS2812B_PLCC4_5.0x5.0mm_P3.2mm,WS2812B,smt
62.05,-71.1,0.0,top,D23,,,LED_WS2812B_PLCC4_5.0x5.0mm_P3.2mm,WS2812B,smt
35.5,-81.35,0.0,top,D3,,,D_SMA,SS14,smt
35.5,-85.9,0.0,top,D4,,,D_SMA,SS14,smt
35.5,-90.45,0.0,top,D5,,,D_SMA,SS14,smt
35.5,-95.0,0.0,top,D6,,,D_SMA,SS14,smt
124.8625,-84.375,180.0,top,D7,,,LED_miniPLCC_2315,LED,smt
124.8625,-82.375,180.0,top,D8,,,LED_miniPLCC_2315,LED,smt
124.8625,-80.375,180.0,top,D9,,,LED_miniPLCC_2315,LED,smt
70.592,-128.788,180.0,top,J1,,,BNC_Amphenol_B6252HB-NPP3G-50_Horizontal,Conn_Coaxial,tht
92.792,-128.788,180.0,top,J2,,,BNC_Amphenol_B6252HB-NPP3G-50_Horizontal,Conn_Coaxial,tht
114.992,-128.788,180.0,top,J3,,,BNC_Amphenol_B6252HB-NPP3G-50_Horizontal,Conn_Coaxial,tht
137.192,-128.788,180.0,top,J4,,,BNC_Amphenol_B6252HB-NPP3G-50_Horizontal,Conn_Coaxial,tht
101.352,-45.0,180.0,top,J5,,,USB_C_Receptacle_GCT_USB4105-xx-A_16P_TopMnt_Horizontal,USB_C_Receptacle_USB2.0_16P,smt
128.38,-48.54,90.0,top,J6,,,IDC-Header_2x05_P2.54mm_Vertical,IDC 2x5,tht
121.5,-96.9,180.0,top,K1,,,Relay_CIT-J104D,Relay_DPDT,tht
129.75,-96.704999,-90.0,top,Q1,,,SOT-323_SC-70_Handsoldering,NX3008NBK,smt
-17.63,-95.856,0.0,top,Q2,,,SOT-323_SC-70_Handsoldering,NX3008NBK,smt
-17.944,-101.81,0.0,top,Q3,,,SOT-323_SC-70_Handsoldering,NX3008NBK,smt
105.8,-53.5,180.0,bottom,R1,,,R_0603_1608Metric_Pad0.98x0.95mm_HandSolder,1k,smt
140.0,-105.4125,-90.0,bottom,R10,,,R_0603_1608Metric_Pad0.98x0.95mm_HandSolder,10k,smt
141.5,-105.4125,90.0,bottom,R11,,,R_0603_1608Metric_Pad0.98x0.95mm_HandSolder,33k,smt
141.0,-109.4,0.0,bottom,R12,,,R_0603_1608Metric_Pad0.98x0.95mm_HandSolder,10k,smt
144.8,-108.6,-90.0,bottom,R13,,,R_0603_1608Metric_Pad0.98x0.95mm_HandSolder,10k,smt
148.8,-109.4,0.0,bottom,R14,,,R_0603_1608Metric_Pad0.98x0.95mm_HandSolder,10k,smt
148.8,-104.6,0.0,bottom,R15,,,R_0603_1608Metric_Pad0.98x0.95mm_HandSolder,100k,smt
127.6,-117.4875,-90.0,bottom,R16,,,R_0603_1608Metric_Pad0.98x0.95mm_HandSolder,100R,smt
129.133333,-117.4875,-90.0,bottom,R17,,,R_0603_1608Metric_Pad0.98x0.95mm_HandSolder,100k,smt
130.666666,-117.4875,-90.0,bottom,R18,,,R_0603_1608Metric_Pad0.98x0.95mm_HandSolder,10k,smt
132.2,-117.4875,-90.0,bottom,R19,,,R_0603_1608Metric_Pad0.98x0.95mm_HandSolder,1k,smt
105.8,-54.9,0.0,bottom,R2,,,R_0603_1608Metric_Pad0.98x0.95mm_HandSolder,4k7,smt
110.6,-119.4,-90.0,bottom,R21,,,R_0603_1608Metric_Pad0.98x0.95mm_HandSolder,100R,smt
115.4,-119.4,-90.0,bottom,R22,,,R_0603_1608Metric_Pad0.98x0.95mm_HandSolder,1k,smt
112.2,-119.4,-90.0,bottom,R23,,,R_0603_1608Metric_Pad0.98x0.95mm_HandSolder,10k,smt
113.8,-119.4,-90.0,bottom,R24,,,R_0603_1608Metric_Pad0.98x0.95mm_HandSolder,100k,smt
-27.8335,-110.454,0.0,top,R25,,,R_0603_1608Metric_Pad0.98x0.95mm_HandSolder,0R,smt
-27.8335,-112.964,0.0,top,R26,,,R_0603_1608Metric_Pad0.98x0.95mm_HandSolder,200k,smt
-27.8335,-115.474,0.0,top,R27,,,R_0603_1608Metric_Pad0.98x0.95mm_HandSolder,100k,smt
-27.8335,-117.984,0.0,top,R28,,,R_0603_1608Metric_Pad0.98x0.95mm_HandSolder,22k,smt
-27.8335,-120.494,0.0,top,R29,,,R_0603_1608Metric_Pad0.98x0.95mm_HandSolder,0R,smt
105.8,-56.4,0.0,bottom,R3,,,R_0603_1608Metric_Pad0.98x0.95mm_HandSolder,1k5,smt
-20.4675,-114.398,0.0,top,R30,,,R_0603_1608Metric_Pad0.98x0.95mm_HandSolder,0R,smt
-20.4675,-116.908,0.0,top,R31,,,R_0603_1608Metric_Pad0.98x0.95mm_HandSolder,0R,smt
-20.4675,-119.418,0.0,top,R32,,,R_0603_1608Metric_Pad0.98x0.95mm_HandSolder,200k,smt
-20.571,-109.572,0.0,top,R33,,,R_0603_1608Metric_Pad0.98x0.95mm_HandSolder,100k,smt
-20.571,-112.082,0.0,top,R34,,,R_0603_1608Metric_Pad0.98x0.95mm_HandSolder,22k,smt
-53.482978,-152.43,180.0,bottom,R35,,,R_0603_1608Metric_Pad0.98x0.95mm_HandSolder,10k,smt
-53.482978,-154.94,180.0,bottom,R36,,,R_0603_1608Metric_Pad0.98x0.95mm_HandSolder,10k,smt
-53.482978,-157.45,180.0,bottom,R37,,,R_0603_1608Metric_Pad0.98x0.95mm_HandSolder,10k,smt
-53.482978,-159.96,180.0,bottom,R38,,,R_0603_1608Metric_Pad0.98x0.95mm_HandSolder,10k,smt
55.612,-108.892,180.0,bottom,R39,,,R_0603_1608Metric_Pad0.98x0.95mm_HandSolder,100k,smt
105.8,-61.5,180.0,bottom,R4,,,R_0603_1608Metric_Pad0.98x0.95mm_HandSolder,1k5,smt
55.612,-111.842,180.0,bottom,R40,,,R_0603_1608Metric_Pad0.98x0.95mm_HandSolder,1k,smt
55.612,-114.792,180.0,bottom,R41,,,R_0603_1608Metric_Pad0.98x0.95mm_HandSolder,100k,smt
55.612,-117.742,180.0,bottom,R42,,,R_0603_1608Metric_Pad0.98x0.95mm_HandSolder,1k,smt
72.6,-57.6,180.0,bottom,R43,,,R_0603_1608Metric_Pad0.98x0.95mm_HandSolder,4k7,smt
72.6,-59.2,180.0,bottom,R44,,,R_0603_1608Metric_Pad0.98x0.95mm_HandSolder,4k7,smt
121.8,-80.8,-90.0,bottom,R45,,,R_0603_1608Metric_Pad0.98x0.95mm_HandSolder,1k,smt
-64.1555,-128.114,0.0,top,R46,,,R_0603_1608Metric_Pad0.98x0.95mm_HandSolder,1k,smt
-57.8055,-125.066,0.0,top,R47,,,R_0603_1608Metric_Pad0.98x0.95mm_HandSolder,1k,smt
97.2,-63.6,0.0,bottom,R48,,,R_0603_1608Metric_Pad0.98x0.95mm_HandSolder,1k,smt
72.6,-56.0,180.0,bottom,R49,,,R_0603_1608Metric_Pad0.98x0.95mm_HandSolder,1k,smt
105.8,-63.0,180.0,bottom,R5,,,R_0603_1608Metric_Pad0.98x0.95mm_HandSolder,4k7,smt
72.6,-52.8,180.0,bottom,R6,,,R_0603_1608Metric_Pad0.98x0.95mm_HandSolder,1k,smt
72.6,-60.8,0.0,bottom,R7,,,R_0603_1608Metric_Pad0.98x0.95mm_HandSolder,1k,smt
72.6,-54.4,180.0,bottom,R8,,,R_0603_1608Metric_Pad0.98x0.95mm_HandSolder,1k,smt
136.2,-105.6,90.0,bottom,R9,,,R_0603_1608Metric_Pad0.98x0.95mm_HandSolder,100k,smt
69.0,-44.0,0.0,top,SW1,,,SW-SMD_L6.1-W3.7-LS7.9,SW_SPST,tht
69.0,-49.0,0.0,top,SW2,,,SW-SMD_L6.1-W3.7-LS7.9,SW_SPST,tht
69.0,-54.0,0.0,top,SW3,,,SW-SMD_L6.1-W3.7-LS7.9,SW_SPST,tht
145.25,-97.25,90.0,top,U1,,LFCSP-10 Analog Devices,AD9837_AD9837,AD9837,smt
84.4,-55.0,0.0,top,U10,,None,ESP32-S2-SOLO-N4_XCVR_ESP32-S2-SOLO-N4,ESP32-S2-SOLO-N4,smt
145.0,-107.5,0.0,top,U12,,,TSSOP-14_4.4x5mm_P0.65mm,TL074,smt
136.0,-101.8,0.0,top,U13,MCP4561-502E/MS,SOP-8,MCP4561-502E_MS_SOP65P490X110-8N,MCP4561-502E_MS,smt
130.2,-111.6,180.0,top,U14,,,TSSOP-16_4.4x5mm_P0.65mm,CD74HC4052,smt
112.8,-112.6,90.0,top,U16,,,TSSOP-16_4.4x5mm_P0.65mm,CD74HC4052,smt
-26.33,-98.396,0.0,top,U17,,,SOIC-8_3.9x4.9mm_P1.27mm,INA823,smt
-28.235,-126.6585,90.0,top,U18,,,TSSOP-16_4.4x5mm_P0.65mm,CD74HC4052,smt
130.2,-91.054999,-90.0,top,U19,,,SOT-23-5_HandSoldering,74LVC1G02,smt
120.475,-113.26,180.0,top,U2,,,SOIC-14_3.9x8.7mm_P1.27mm,TLV9154,smt
-21.645,-126.6585,90.0,top,U20,,,TSSOP-16_4.4x5mm_P0.65mm,CD74HC4052,smt
-34.269,-98.269,0.0,top,U21,,,SOIC-8_3.9x4.9mm_P1.27mm,INA823,smt
145.5,-85.5,0.0,top,U22,,,AD9833_Module,~,tht
119.0,-82.0,0.0,top,U23,,,TSSOP-16_4.4x5mm_P0.65mm,CD74HC4052,smt
-30.406,-92.292,0.0,top,U3,,,TSSOP-10_3x3mm_P0.5mm,ADS1115IDGS,smt
62.216,-115.046,0.0,top,U4,,,SOIC-8_3.9x4.9mm_P1.27mm,LM393,smt
-26.525,-108.81,0.0,top,U5,,,SOIC-14_3.9x8.7mm_P1.27mm,TLV9154,smt
62.47,-108.95,0.0,top,U7,,TSSOP-14 Texas Instruments,TDC7200PWR_SOP65P640X120-14N,TDC7200PWR,smt
104.44,-58.928,0.0,top,U8,,,WSON-12-1EP_3x2mm_P0.5mm_EP1x2.65_ThermalVias,LM27762,smt
98.97,-56.1,90.0,top,U9,,,SOT-89-3_Handsoldering,HT75xx-1-SOT89,smt
145.35,-102.15,0.0,top,X1,,,Oscillator_SMD_SeikoEpson_SG210-4Pin_2.5x2.0mm,SG-210STF,smt
62.636,-103.474,0.0,top,X2,,,Oscillator_SMD_SeikoEpson_SG210-4Pin_2.5x2.0mm,SG-210STF,smt
